Ticker,AverageTarget,MaxTarget,LowTarget,CurrentPrice
ZYME,21.0,30.0,13.0,12.0
ZWS,36.0,40.0,29.0,37.0
ZVRA,23.0,26.0,18.0,9.0
ZVIA,3.0,3.0,3.0,3.0
ZUMZ,25.0,25.0,25.0,14.0
ZTS,212.0,244.0,160.0,159.0
ZTO,21.0,24.0,19.0,18.0
ZM,87.0,115.0,71.0,78.0
ZLAB,54.0,75.0,36.0,36.0
ZKH,4.0,4.0,4.0,3.0
ZK,31.0,38.0,26.0,25.0
ZION,57.0,71.0,40.0,54.0
ZIMV,16.0,23.0,10.0,10.0
ZIM,14.0,20.0,9.0,15.0
ZH,4.0,4.0,4.0,4.0
ZGN,8.0,10.0,7.0,9.0
ZG,81.0,95.0,60.0,70.0
ZEUS,41.0,41.0,41.0,34.0
ZETA,30.0,45.0,15.0,15.0
ZD,47.0,95.0,33.0,32.0
ZBRA,331.0,425.0,250.0,323.0
ZBIO,36.0,45.0,30.0,10.0
ZBH,111.0,135.0,95.0,93.0
Z,83.0,100.0,71.0,72.0
YUMC,48.0,60.0,37.0,45.0
YUM,157.0,185.0,135.0,150.0
YPF,41.0,59.0,25.0,32.0
YOU,32.0,45.0,26.0,29.0
YMM,15.0,18.0,10.0,12.0
YMAB,15.0,26.0,3.0,4.0
YETI,39.0,55.0,29.0,32.0
YELP,34.0,38.0,30.0,35.0
XYZ,74.0,115.0,50.0,69.0
XYL,143.0,165.0,125.0,132.0
XRX,9.0,11.0,8.0,5.0
XRAY,20.0,28.0,14.0,16.0
XPOF,13.0,19.0,9.0,9.0
XPEV,23.0,31.0,16.0,18.0
XPER,19.0,30.0,12.0,8.0
XPEL,58.0,58.0,58.0,39.0
XOMA,69.0,104.0,35.0,26.0
XOM,125.0,144.0,105.0,112.0
XNCR,28.0,34.0,6.0,8.0
XMTR,35.0,48.0,21.0,33.0
XIFR,16.0,30.0,9.0,8.0
XGN,7.0,8.0,7.0,6.0
XERS,6.0,8.0,4.0,4.0
XENE,54.0,67.0,47.0,34.0
XEL,75.0,80.0,68.0,68.0
WYNN,112.0,122.0,99.0,105.0
WY,33.0,38.0,30.0,26.0
WWD,228.0,291.0,160.0,252.0
WVE,20.0,36.0,10.0,6.0
WULF,7.0,11.0,4.0,5.0
WU,10.0,13.0,7.0,8.0
WTW,356.0,400.0,272.0,306.0
WTTR,14.0,16.0,14.0,9.0
WTS,231.0,275.0,199.0,255.0
WTRG,43.0,46.0,41.0,36.0
WTFC,135.0,157.0,115.0,131.0
WTBA,23.0,23.0,23.0,21.0
WT,12.0,15.0,10.0,12.0
WST,320.0,400.0,245.0,221.0
WSR,15.0,16.0,14.0,12.0
WSO,484.0,540.0,450.0,457.0
WSFS,62.0,68.0,55.0,59.0
WSC,40.0,54.0,32.0,28.0
WS,34.0,34.0,34.0,32.0
WRN,4.0,4.0,4.0,1.0
WRLD,10.0,10.0,10.0,174.0
WRBY,22.0,32.0,18.0,22.0
WRB,71.0,80.0,60.0,71.0
WPM,93.0,129.0,75.0,90.0
WPC,100.0,420.0,61.0,63.0
WOW,6.0,6.0,6.0,4.0
WOR,59.0,81.0,46.0,65.0
WOOF,3.0,4.0,2.0,3.0
WNEB,8.0,8.0,8.0,9.0
WMT,106.0,120.0,81.0,98.0
WMS,139.0,160.0,133.0,118.0
WMB,61.0,70.0,55.0,58.0
WM,251.0,277.0,229.0,226.0
WLK,90.0,101.0,76.0,81.0
WKC,29.0,32.0,26.0,29.0
WK,103.0,130.0,95.0,69.0
WIX,228.0,300.0,189.0,164.0
WING,362.0,440.0,255.0,325.0
WHF,10.0,12.0,9.0,9.0
WHD,52.0,57.0,48.0,45.0
WH,107.0,119.0,94.0,84.0
WGS,90.0,118.0,45.0,91.0
WGO,42.0,75.0,30.0,31.0
WFRD,96.0,142.0,62.0,54.0
WFG,100.0,115.0,90.0,75.0
WFC,78.0,90.0,57.0,83.0
WEX,176.0,255.0,135.0,151.0
WEST,10.0,13.0,9.0,6.0
WERN,30.0,52.0,21.0,29.0
WEN,16.0,29.0,13.0,11.0
WELL,168.0,242.0,137.0,152.0
WEAV,16.0,18.0,14.0,8.0
WDFC,301.0,322.0,280.0,253.0
WDC,63.0,90.0,40.0,65.0
WDAY,297.0,345.0,250.0,242.0
WD,102.0,110.0,95.0,75.0
WCN,212.0,230.0,195.0,179.0
WCC,212.0,245.0,180.0,194.0
WBTN,14.0,23.0,9.0,9.0
WBS,63.0,76.0,58.0,58.0
WBD,12.0,18.0,8.0,11.0
WBA,10.0,15.0,7.0,11.0
WAY,42.0,52.0,27.0,39.0
WASH,31.0,34.0,28.0,29.0
WALD,5.0,7.0,4.0,2.0
WAFD,30.0,32.0,29.0,31.0
WABC,52.0,55.0,50.0,51.0
WAB,216.0,240.0,194.0,213.0
VZLA,3.0,4.0,3.0,2.0
VZ,47.0,56.0,40.0,43.0
VYX,14.0,17.0,11.0,13.0
VYGR,13.0,30.0,5.0,3.0
VVX,62.0,80.0,51.0,49.0
VUZI,2.0,2.0,2.0,2.0
VTYX,10.0,14.0,6.0,2.0
VTS,26.0,33.0,19.0,23.0
VTRS,10.0,13.0,9.0,9.0
VTR,72.0,78.0,65.0,62.0
VTOL,50.0,50.0,50.0,34.0
VTMX,29.0,37.0,21.0,27.0
VTLE,30.0,50.0,16.0,17.0
VTEX,8.0,10.0,7.0,6.0
VSTS,11.0,16.0,5.0,6.0
VSTM,13.0,20.0,8.0,4.0
VST,176.0,231.0,120.0,191.0
VSH,20.0,22.0,19.0,17.0
VSEC,130.0,150.0,100.0,127.0
VSCO,24.0,45.0,15.0,20.0
VSAT,19.0,52.0,10.0,16.0
VRTX,511.0,586.0,420.0,454.0
VRTS,172.0,211.0,150.0,199.0
VRT,126.0,155.0,75.0,127.0
VRSN,277.0,305.0,250.0,281.0
VRSK,302.0,335.0,279.0,303.0
VRRM,27.0,29.0,23.0,25.0
VRNT,30.0,36.0,23.0,21.0
VRNS,55.0,67.0,45.0,51.0
VRNA,107.0,170.0,57.0,91.0
VREX,22.0,23.0,22.0,8.0
VRE,18.0,23.0,16.0,14.0
VRDN,37.0,61.0,27.0,15.0
VPG,28.0,28.0,28.0,29.0
VOYA,82.0,91.0,70.0,72.0
VNT,44.0,48.0,36.0,38.0
VNOM,57.0,72.0,47.0,38.0
VNO,37.0,48.0,28.0,37.0
VNET,9.0,20.0,5.0,7.0
VNDA,16.0,20.0,13.0,4.0
VMI,362.0,380.0,345.0,341.0
VMEO,7.0,9.0,5.0,3.0
VMC,302.0,320.0,285.0,266.0
VLY,10.0,12.0,8.0,9.0
VLTO,110.0,125.0,100.0,103.0
VLRS,7.0,12.0,4.0,4.0
VLO,150.0,177.0,118.0,143.0
VLN,4.0,4.0,4.0,2.0
VKTX,87.0,138.0,30.0,28.0
VIV,17.0,23.0,10.0,11.0
VITL,44.0,52.0,39.0,39.0
VIST,65.0,72.0,57.0,48.0
VIRT,37.0,43.0,28.0,44.0
VIRC,17.0,17.0,17.0,8.0
VIR,32.0,110.0,14.0,5.0
VIPS,15.0,19.0,12.0,14.0
VINP,13.0,13.0,13.0,9.0
VIK,49.0,61.0,39.0,55.0
VICR,43.0,43.0,43.0,46.0
VICI,35.0,38.0,33.0,33.0
VIAV,12.0,16.0,8.0,10.0
VHI,12.0,12.0,12.0,18.0
VGZ,2.0,2.0,2.0,1.0
VG,16.0,20.0,11.0,15.0
VFC,16.0,27.0,12.0,12.0
VERX,50.0,61.0,31.0,35.0
VEON,60.0,60.0,60.0,43.0
VENU,15.0,15.0,15.0,12.0
VEEV,269.0,329.0,192.0,277.0
VECO,30.0,47.0,20.0,20.0
VCTR,71.0,87.0,62.0,65.0
VC,98.0,126.0,74.0,103.0
VBTX,30.0,32.0,28.0,27.0
VBNK,13.0,22.0,10.0,11.0
VALE,11.0,15.0,9.0,10.0
VAL,51.0,90.0,37.0,45.0
VAC,92.0,140.0,55.0,80.0
V,372.0,425.0,319.0,358.0
UWMC,6.0,10.0,4.0,4.0
UVSP,29.0,31.0,27.0,32.0
UUUU,7.0,10.0,5.0,6.0
UTZ,17.0,22.0,13.0,13.0
UTL,55.0,55.0,55.0,52.0
UTHR,386.0,600.0,302.0,294.0
USPH,109.0,115.0,98.0,82.0
USNA,36.0,36.0,36.0,32.0
USM,82.0,85.0,78.0,64.0
USGO,26.0,26.0,26.0,8.0
USFD,77.0,95.0,12.0,78.0
USCB,19.0,21.0,16.0,16.0
USB,51.0,60.0,43.0,47.0
USAU,14.0,18.0,10.0,12.0
USAS,1.0,1.0,1.0,0.0
USAR,16.0,17.0,15.0,9.0
USAC,26.0,27.0,25.0,24.0
UROY,4.0,4.0,3.0,2.0
URI,766.0,921.0,565.0,784.0
URGN,32.0,50.0,16.0,13.0
URG,2.0,2.0,2.0,1.0
UPXI,16.0,16.0,16.0,3.0
UPWK,18.0,24.0,15.0,13.0
UPST,67.0,108.0,16.0,73.0
UPS,119.0,147.0,82.0,104.0
UPBD,34.0,38.0,30.0,26.0
UPB,56.0,75.0,38.0,11.0
UNTY,52.0,55.0,50.0,52.0
UNP,256.0,295.0,200.0,236.0
UNM,88.0,108.0,63.0,82.0
UNIT,5.0,8.0,4.0,4.0
UNH,415.0,700.0,270.0,308.0
UNFI,26.0,33.0,24.0,23.0
UNF,181.0,197.0,152.0,175.0
UMH,21.0,22.0,20.0,17.0
UMC,7.0,7.0,7.0,7.0
UMBF,122.0,146.0,105.0,110.0
UMAC,19.0,20.0,18.0,8.0
ULTA,462.0,550.0,330.0,477.0
ULS,69.0,77.0,58.0,70.0
ULH,29.0,29.0,29.0,28.0
ULCC,5.0,10.0,3.0,4.0
UL,70.0,73.0,67.0,61.0
UIS,6.0,6.0,6.0,4.0
UI,343.0,440.0,247.0,423.0
UHS,224.0,267.0,198.0,195.0
UGI,31.0,39.0,27.0,35.0
UFPT,252.0,252.0,252.0,256.0
UFPI,143.0,157.0,125.0,105.0
UFCS,30.0,32.0,28.0,28.0
UDR,46.0,52.0,41.0,40.0
UDMY,10.0,13.0,7.0,6.0
UCTT,37.0,60.0,26.0,24.0
UBSI,40.0,43.0,38.0,38.0
UBER,94.0,115.0,77.0,93.0
UAMY,3.0,5.0,1.0,2.0
UAL,104.0,140.0,80.0,82.0
UAA,7.0,11.0,4.0,7.0
U,24.0,34.0,15.0,26.0
TZOO,25.0,35.0,17.0,13.0
TYRA,30.0,33.0,28.0,10.0
TYL,680.0,775.0,570.0,590.0
TXT,88.0,107.0,63.0,82.0
TXRH,192.0,234.0,162.0,188.0
TXO,20.0,20.0,20.0,15.0
TXNM,54.0,61.0,50.0,56.0
TXG,14.0,25.0,6.0,13.0
TX,30.0,35.0,25.0,32.0
TWST,50.0,62.0,33.0,38.0
TWO,13.0,15.0,10.0,10.0
TWLO,126.0,170.0,70.0,120.0
TWI,11.0,11.0,11.0,10.0
TWFG,33.0,38.0,29.0,35.0
TW,149.0,212.0,125.0,138.0
TVTX,32.0,47.0,20.0,15.0
TVRD,71.0,78.0,65.0,22.0
TVGN,10.0,10.0,10.0,1.0
TV,3.0,7.0,2.0,2.0
TU,21.0,21.0,21.0,16.0
TTWO,228.0,275.0,170.0,240.0
TTMI,40.0,43.0,36.0,44.0
TTI,5.0,6.0,4.0,3.0
TTGT,19.0,37.0,8.0,6.0
TTEK,41.0,49.0,33.0,35.0
TTEC,9.0,16.0,3.0,5.0
TTE,69.0,87.0,60.0,63.0
TTD,97.0,155.0,57.0,74.0
TTC,82.0,90.0,76.0,74.0
TTAN,122.0,140.0,100.0,109.0
TTAM,17.0,19.0,15.0,12.0
TT,430.0,500.0,396.0,439.0
TSN,63.0,75.0,58.0,56.0
TSM,233.0,270.0,170.0,235.0
TSLX,22.0,25.0,21.0,24.0
TSHA,8.0,11.0,6.0,2.0
TSEM,60.0,60.0,60.0,47.0
TS,44.0,50.0,34.0,38.0
TRVI,20.0,29.0,7.0,5.0
TRVG,4.0,5.0,3.0,3.0
TRV,271.0,310.0,203.0,264.0
TRUP,53.0,62.0,41.0,52.0
TRU,109.0,130.0,84.0,91.0
TRTX,9.0,11.0,8.0,8.0
TRS,40.0,40.0,40.0,29.0
TRP,62.0,74.0,42.0,48.0
TROW,94.0,120.0,80.0,100.0
TRNS,114.0,130.0,85.0,89.0
TRNO,65.0,77.0,56.0,57.0
TRN,27.0,31.0,24.0,29.0
TRML,49.0,70.0,25.0,16.0
TRMK,39.0,43.0,36.0,38.0
TRMD,27.0,32.0,23.0,17.0
TRMB,88.0,92.0,84.0,78.0
TRIP,17.0,24.0,13.0,17.0
TRIN,15.0,16.0,13.0,14.0
TREE,64.0,70.0,58.0,38.0
TRDA,25.0,29.0,20.0,7.0
TPVG,6.0,8.0,5.0,7.0
TPR,88.0,110.0,60.0,90.0
TPL,917.0,917.0,917.0,1.0
TPH,41.0,43.0,37.0,32.0
TPG,60.0,73.0,42.0,54.0
TPC,43.0,50.0,38.0,48.0
TPB,76.0,85.0,65.0,73.0
TOWN,40.0,41.0,39.0,35.0
TOST,41.0,50.0,28.0,43.0
TOI,7.0,7.0,7.0,2.0
TNXP,585.0,1.0,70.0,35.0
TNL,59.0,72.0,39.0,56.0
TNK,50.0,55.0,46.0,44.0
TNGX,12.0,19.0,8.0,5.0
TNET,96.0,140.0,74.0,74.0
TNDM,33.0,59.0,20.0,17.0
TNC,125.0,125.0,125.0,81.0
TMP,69.0,70.0,68.0,66.0
TMHC,76.0,85.0,69.0,63.0
TME,16.0,26.0,13.0,19.0
TMDX,127.0,178.0,75.0,128.0
TMCI,10.0,16.0,8.0,6.0
TMC,6.0,11.0,3.0,7.0
TLX,22.0,23.0,22.0,16.0
TLSI,10.0,12.0,10.0,5.0
TLRY,1.0,3.0,1.0,0.0
TLN,255.0,366.0,185.0,292.0
TKR,79.0,90.0,65.0,76.0
TKO,168.0,195.0,129.0,176.0
TKNO,8.0,12.0,5.0,5.0
TJX,141.0,164.0,120.0,125.0
TIXT,4.0,7.0,3.0,3.0
TITN,21.0,25.0,16.0,21.0
TIMB,17.0,17.0,16.0,20.0
TILE,30.0,30.0,30.0,22.0
TIL,119.0,180.0,52.0,28.0
TIGR,8.0,9.0,7.0,9.0
TIGO,38.0,50.0,32.0,37.0
TIC,11.0,11.0,11.0,11.0
THS,27.0,40.0,20.0,20.0
THRY,21.0,26.0,16.0,12.0
THO,87.0,125.0,65.0,92.0
THG,179.0,205.0,170.0,163.0
THFF,55.0,58.0,54.0,56.0
THC,183.0,230.0,137.0,171.0
TGTX,40.0,55.0,22.0,37.0
TGT,116.0,180.0,82.0,104.0
TGS,40.0,40.0,40.0,27.0
TGNA,20.0,21.0,18.0,17.0
TGLS,83.0,100.0,59.0,77.0
TGI,20.0,26.0,12.0,25.0
TFX,164.0,290.0,137.0,119.0
TFSL,15.0,15.0,15.0,13.0
TFPM,24.0,26.0,23.0,24.0
TFIN,68.0,109.0,55.0,63.0
TFC,48.0,60.0,41.0,45.0
TEX,51.0,66.0,30.0,49.0
TEVA,24.0,30.0,20.0,17.0
TERN,15.0,20.0,7.0,4.0
TER,114.0,145.0,69.0,92.0
TEO,10.0,13.0,8.0,8.0
TENB,40.0,54.0,28.0,34.0
TEN,30.0,40.0,21.0,20.0
TEM,63.0,75.0,48.0,60.0
TECX,83.0,101.0,69.0,21.0
TECK,64.0,80.0,41.0,41.0
TECH,72.0,90.0,59.0,53.0
TEAM,282.0,380.0,211.0,213.0
TDY,554.0,626.0,470.0,517.0
TDW,69.0,70.0,68.0,48.0
TDUP,7.0,7.0,7.0,7.0
TDS,50.0,53.0,47.0,35.0
TDOC,9.0,12.0,7.0,8.0
TDG,1.0,1.0,1.0,1.0
TDC,27.0,35.0,21.0,23.0
TD,93.0,93.0,93.0,74.0
TCPC,7.0,7.0,6.0,7.0
TCOM,77.0,85.0,70.0,58.0
TCBX,35.0,39.0,26.0,34.0
TCBK,47.0,53.0,43.0,42.0
TCBI,78.0,90.0,60.0,85.0
TBPH,16.0,25.0,9.0,11.0
TBN,36.0,47.0,31.0,19.0
TBLA,4.0,5.0,4.0,3.0
TBI,10.0,10.0,10.0,6.0
TBCH,12.0,16.0,9.0,14.0
TBBB,34.0,37.0,31.0,27.0
TATT,36.0,37.0,35.0,31.0
TASK,17.0,21.0,15.0,16.0
TARS,66.0,84.0,51.0,41.0
TARA,20.0,25.0,12.0,2.0
TAP,60.0,86.0,50.0,49.0
TALO,14.0,20.0,11.0,8.0
TAL,12.0,17.0,10.0,10.0
TAC,19.0,20.0,19.0,10.0
T,28.0,34.0,18.0,28.0
SYY,83.0,95.0,77.0,76.0
SYNA,93.0,105.0,80.0,68.0
SYM,38.0,60.0,10.0,47.0
SYK,427.0,456.0,370.0,392.0
SYF,65.0,85.0,41.0,70.0
SYBT,77.0,81.0,68.0,83.0
SY,12.0,12.0,12.0,3.0
SXT,110.0,125.0,95.0,107.0
SXI,223.0,250.0,200.0,168.0
SXC,13.0,13.0,13.0,8.0
SWX,75.0,78.0,73.0,73.0
SWKS,79.0,110.0,52.0,76.0
SWKH,18.0,18.0,18.0,15.0
SWK,92.0,118.0,60.0,71.0
SWIM,7.0,10.0,4.0,7.0
SWBI,12.0,13.0,11.0,9.0
SW,58.0,69.0,43.0,48.0
SVV,12.0,15.0,9.0,10.0
SVRA,5.0,9.0,2.0,2.0
SVM,5.0,6.0,5.0,4.0
SVCO,15.0,26.0,10.0,5.0
SVC,3.0,4.0,2.0,2.0
SUUN,6.0,6.0,6.0,1.0
SUPV,13.0,19.0,7.0,10.0
SUPN,36.0,36.0,36.0,32.0
SUNS,13.0,15.0,10.0,11.0
SUN,64.0,68.0,61.0,55.0
SUI,138.0,150.0,126.0,129.0
SU,64.0,68.0,60.0,38.0
STZ,213.0,261.0,170.0,172.0
STX,119.0,160.0,68.0,149.0
STWD,21.0,24.0,19.0,20.0
STT,106.0,122.0,73.0,110.0
STRZ,22.0,22.0,22.0,15.0
STRW,11.0,13.0,10.0,10.0
STRL,265.0,265.0,265.0,236.0
STRA,107.0,120.0,98.0,83.0
STOK,23.0,35.0,17.0,11.0
STNG,60.0,71.0,49.0,42.0
STNE,14.0,19.0,6.0,16.0
STM,29.0,36.0,26.0,32.0
STLD,148.0,155.0,138.0,131.0
STLA,13.0,13.0,13.0,10.0
STKS,4.0,5.0,3.0,5.0
STKL,9.0,10.0,9.0,6.0
STIM,5.0,8.0,3.0,3.0
STGW,9.0,10.0,8.0,4.0
STEP,62.0,69.0,51.0,56.0
STE,263.0,280.0,250.0,237.0
STC,79.0,82.0,75.0,66.0
STBA,41.0,43.0,41.0,39.0
STAG,39.0,45.0,37.0,36.0
STAA,24.0,53.0,16.0,17.0
ST,34.0,55.0,21.0,32.0
SSYS,12.0,15.0,7.0,11.0
SSTK,43.0,56.0,25.0,19.0
SSTI,21.0,30.0,16.0,14.0
SSSS,9.0,10.0,8.0,8.0
SSRM,10.0,13.0,8.0,13.0
SSP,8.0,8.0,8.0,3.0
SSD,188.0,192.0,185.0,163.0
SSB,116.0,132.0,106.0,96.0
SRRK,42.0,50.0,31.0,35.0
SRPT,60.0,160.0,24.0,18.0
SRI,16.0,16.0,16.0,7.0
SRFM,6.0,12.0,3.0,4.0
SRDX,43.0,43.0,43.0,29.0
SRCE,72.0,75.0,69.0,65.0
SRAD,28.0,33.0,19.0,28.0
SR,77.0,83.0,69.0,74.0
SQM,41.0,55.0,31.0,37.0
SPXC,183.0,199.0,165.0,173.0
SPWR,6.0,6.0,6.0,2.0
SPWH,3.0,4.0,2.0,3.0
SPTN,18.0,26.0,10.0,26.0
SPT,30.0,42.0,22.0,21.0
SPSC,192.0,233.0,159.0,141.0
SPRY,31.0,40.0,27.0,16.0
SPRO,5.0,5.0,5.0,2.0
SPR,36.0,37.0,35.0,37.0
SPOT,660.0,900.0,375.0,723.0
SPNT,21.0,25.0,17.0,19.0
SPNS,34.0,43.0,28.0,30.0
SPMC,21.0,22.0,21.0,17.0
SPIR,18.0,24.0,13.0,11.0
SPHR,48.0,75.0,32.0,43.0
SPH,17.0,17.0,17.0,18.0
SPG,178.0,200.0,158.0,166.0
SPFI,41.0,47.0,36.0,37.0
SPCE,4.0,8.0,3.0,2.0
SPB,85.0,110.0,65.0,56.0
SOPH,7.0,11.0,5.0,2.0
SONY,28.0,33.0,23.0,25.0
SON,56.0,71.0,48.0,46.0
SOLV,81.0,90.0,71.0,77.0
SOFI,14.0,20.0,8.0,18.0
SOC,30.0,47.0,6.0,23.0
SOBO,28.0,38.0,25.0,26.0
SO,92.0,100.0,78.0,90.0
SNY,61.0,65.0,56.0,48.0
SNX,142.0,160.0,120.0,140.0
SNV,57.0,76.0,42.0,55.0
SNPS,607.0,685.0,520.0,546.0
SNOW,225.0,265.0,121.0,221.0
SNN,28.0,28.0,28.0,30.0
SNDR,27.0,34.0,22.0,25.0
SNDL,3.0,4.0,3.0,1.0
SNCY,16.0,20.0,12.0,12.0
SNBR,8.0,12.0,6.0,7.0
SNAP,35.0,640.0,6.0,9.0
SNA,350.0,400.0,280.0,320.0
SN,121.0,175.0,98.0,107.0
SMWB,15.0,23.0,10.0,8.0
SMTI,49.0,53.0,46.0,29.0
SMTC,58.0,85.0,42.0,44.0
SMRT,1.0,2.0,1.0,1.0
SMR,31.0,46.0,20.0,35.0
SMPL,39.0,47.0,36.0,32.0
SMMT,34.0,44.0,12.0,24.0
SMLR,71.0,71.0,71.0,39.0
SMG,67.0,75.0,54.0,68.0
SMCI,46.0,93.0,30.0,48.0
SMBK,33.0,42.0,28.0,36.0
SMBC,66.0,68.0,65.0,58.0
SM,42.0,60.0,24.0,25.0
SLVM,85.0,100.0,61.0,53.0
SLSR,11.0,11.0,11.0,5.0
SLRC,15.0,17.0,12.0,16.0
SLQT,3.0,4.0,2.0,2.0
SLP,41.0,50.0,36.0,17.0
SLNO,107.0,145.0,73.0,86.0
SLND,5.0,5.0,5.0,4.0
SLN,33.0,75.0,3.0,5.0
SLM,32.0,40.0,26.0,33.0
SLI,4.0,4.0,4.0,2.0
SLGN,63.0,75.0,57.0,56.0
SLG,66.0,87.0,42.0,61.0
SLDP,1.0,2.0,1.0,2.0
SLDB,15.0,20.0,10.0,4.0
SLB,50.0,68.0,43.0,35.0
SLAB,126.0,160.0,80.0,153.0
SKYX,3.0,5.0,2.0,1.0
SKYW,120.0,125.0,117.0,107.0
SKYT,11.0,12.0,11.0,10.0
SKYH,23.0,23.0,23.0,9.0
SKYE,16.0,20.0,14.0,4.0
SKY,80.0,99.0,64.0,66.0
SKX,67.0,84.0,60.0,63.0
SKWD,61.0,72.0,43.0,56.0
SKT,36.0,41.0,33.0,31.0
SKLZ,10.0,15.0,6.0,7.0
SKIN,1.0,2.0,1.0,2.0
SJM,115.0,129.0,105.0,103.0
SITM,224.0,250.0,180.0,212.0
SIRI,26.0,43.0,19.0,24.0
SION,38.0,45.0,32.0,21.0
SIMO,83.0,95.0,65.0,74.0
SILA,28.0,28.0,28.0,24.0
SIGI,94.0,102.0,85.0,86.0
SIG,87.0,102.0,75.0,84.0
SID,1.0,1.0,1.0,1.0
SIBN,22.0,25.0,19.0,18.0
SHW,391.0,425.0,296.0,350.0
SHOP,115.0,175.0,79.0,117.0
SHOO,28.0,41.0,23.0,25.0
SHO,9.0,12.0,7.0,8.0
SHIP,11.0,11.0,11.0,6.0
SHEN,26.0,26.0,26.0,14.0
SHEL,78.0,83.0,70.0,71.0
SHCO,7.0,9.0,5.0,7.0
SHC,16.0,20.0,13.0,11.0
SHBI,20.0,20.0,20.0,16.0
SHAK,124.0,166.0,90.0,141.0
SGRY,33.0,43.0,24.0,22.0
SGMT,26.0,32.0,12.0,8.0
SGMO,4.0,10.0,2.0,0.0
SGML,18.0,20.0,16.0,5.0
SGHT,4.0,5.0,3.0,4.0
SGHC,11.0,14.0,11.0,11.0
SGC,17.0,20.0,15.0,11.0
SG,25.0,45.0,15.0,14.0
SFST,43.0,43.0,43.0,39.0
SFNC,22.0,25.0,21.0,20.0
SFM,167.0,200.0,105.0,162.0
SFIX,5.0,6.0,5.0,4.0
SFD,27.0,32.0,23.0,24.0
SFBS,87.0,91.0,84.0,82.0
SF,105.0,120.0,84.0,109.0
SEZL,108.0,202.0,60.0,181.0
SEVN,14.0,15.0,14.0,12.0
SERV,18.0,23.0,16.0,10.0
SEPN,26.0,38.0,18.0,11.0
SENS,1.0,2.0,1.0,0.0
SEMR,16.0,21.0,12.0,9.0
SEM,26.0,42.0,19.0,15.0
SEIC,95.0,100.0,84.0,93.0
SEI,42.0,57.0,32.0,32.0
SEER,3.0,3.0,3.0,2.0
SEE,38.0,47.0,32.0,32.0
SEDG,16.0,41.0,5.0,27.0
SEAT,4.0,9.0,2.0,1.0
SE,153.0,200.0,80.0,149.0
SDRL,51.0,80.0,28.0,29.0
SDHC,18.0,22.0,16.0,19.0
SDGR,33.0,45.0,28.0,20.0
SDA,7.0,12.0,3.0,2.0
SCSC,42.0,42.0,42.0,42.0
SCS,16.0,16.0,16.0,11.0
SCPH,14.0,18.0,12.0,3.0
SCM,13.0,13.0,13.0,14.0
SCI,89.0,92.0,85.0,81.0
SCHW,89.0,113.0,61.0,91.0
SCCO,91.0,105.0,72.0,105.0
SBUX,98.0,118.0,76.0,94.0
SBSW,4.0,5.0,4.0,7.0
SBRA,19.0,20.0,18.0,18.0
SBLK,22.0,26.0,20.0,18.0
SBH,12.0,16.0,10.0,10.0
SBGI,18.0,29.0,13.0,14.0
SBCF,29.0,32.0,26.0,29.0
SBAC,253.0,280.0,225.0,235.0
SB,4.0,5.0,4.0,3.0
SATS,24.0,30.0,12.0,30.0
SARO,35.0,39.0,30.0,30.0
SAR,24.0,25.0,23.0,25.0
SAP,271.0,330.0,38.0,302.0
SANM,84.0,100.0,69.0,102.0
SANG,11.0,11.0,11.0,6.0
SAND,9.0,11.0,7.0,9.0
SANA,9.0,15.0,5.0,3.0
SAM,276.0,349.0,187.0,201.0
SAIL,26.0,30.0,20.0,22.0
SAIA,333.0,511.0,250.0,294.0
SAH,74.0,94.0,58.0,87.0
SAGE,8.0,16.0,4.0,9.0
SAFE,22.0,34.0,16.0,15.0
SABR,4.0,6.0,3.0,3.0
S,24.0,33.0,17.0,18.0
RZLV,6.0,10.0,4.0,2.0
RZLT,11.0,15.0,9.0,4.0
RYN,27.0,31.0,26.0,23.0
RYAN,75.0,89.0,56.0,66.0
RYAAY,108.0,147.0,70.0,57.0
RY,193.0,193.0,193.0,132.0
RXT,1.0,2.0,1.0,1.0
RXST,37.0,73.0,16.0,13.0
RXRX,7.0,10.0,5.0,5.0
RXO,19.0,31.0,12.0,16.0
RWT,7.0,9.0,6.0,6.0
RWAY,10.0,12.0,9.0,10.0
RVTY,123.0,145.0,100.0,101.0
RVSB,7.0,7.0,7.0,5.0
RVMD,67.0,80.0,55.0,37.0
RUSHA,61.0,61.0,61.0,54.0
RUN,13.0,38.0,4.0,10.0
RUM,14.0,20.0,8.0,9.0
RTX,161.0,493.0,126.0,145.0
RSVR,11.0,11.0,11.0,7.0
RSKD,6.0,8.0,4.0,5.0
RSI,15.0,18.0,14.0,14.0
RSG,252.0,281.0,200.0,241.0
RS,315.0,341.0,262.0,326.0
RRX,180.0,215.0,160.0,151.0
RRR,52.0,62.0,43.0,55.0
RRGB,13.0,16.0,10.0,6.0
RRC,41.0,55.0,35.0,38.0
RRBI,62.0,62.0,62.0,64.0
RR,3.0,3.0,3.0,1.0
RPRX,47.0,51.0,40.0,36.0
RPM,125.0,140.0,110.0,113.0
RPID,8.0,8.0,8.0,3.0
RPD,33.0,45.0,21.0,24.0
RPAY,7.0,14.0,4.0,5.0
ROST,158.0,180.0,126.0,131.0
ROP,632.0,695.0,561.0,572.0
ROOT,136.0,170.0,90.0,124.0
ROL,59.0,70.0,50.0,56.0
ROK,324.0,371.0,256.0,346.0
ROIV,17.0,22.0,12.0,10.0
ROG,85.0,85.0,85.0,73.0
ROAD,91.0,102.0,67.0,102.0
RNW,7.0,7.0,7.0,7.0
RNST,41.0,47.0,35.0,38.0
RNR,283.0,426.0,231.0,240.0
RNGR,12.0,13.0,12.0,12.0
RNG,33.0,50.0,22.0,29.0
RNAC,40.0,42.0,40.0,11.0
RNA,65.0,96.0,50.0,29.0
RMR,24.0,24.0,24.0,17.0
RMNI,6.0,6.0,6.0,4.0
RMD,259.0,290.0,180.0,256.0
RMBS,75.0,90.0,66.0,66.0
RMAX,9.0,10.0,9.0,8.0
RM,34.0,38.0,30.0,32.0
RLI,78.0,91.0,61.0,71.0
RLAY,17.0,24.0,4.0,3.0
RL,292.0,384.0,171.0,279.0
RKT,14.0,18.0,10.0,14.0
RKLB,30.0,40.0,18.0,35.0
RJF,153.0,177.0,126.0,159.0
RIVN,14.0,28.0,6.0,13.0
RITM,13.0,16.0,12.0,11.0
RIOT,17.0,21.0,13.0,12.0
RIO,73.0,73.0,73.0,58.0
RIGL,36.0,57.0,23.0,18.0
RIG,4.0,8.0,2.0,2.0
RHI,48.0,64.0,40.0,42.0
RH,271.0,436.0,172.0,206.0
RGTI,14.0,15.0,12.0,13.0
RGP,5.0,5.0,5.0,6.0
RGNX,31.0,52.0,12.0,8.0
RGLD,192.0,215.0,170.0,179.0
RGEN,172.0,200.0,150.0,127.0
RGA,228.0,270.0,64.0,197.0
RF,26.0,31.0,21.0,24.0
REZI,23.0,25.0,21.0,24.0
REYN,28.0,38.0,24.0,21.0
REXR,40.0,49.0,35.0,37.0
REX,50.0,50.0,50.0,52.0
REVG,41.0,51.0,30.0,50.0
REPX,47.0,47.0,47.0,27.0
REPL,20.0,27.0,17.0,9.0
REI,2.0,2.0,2.0,0.0
REGN,813.0,1.0,150.0,545.0
REG,78.0,80.0,75.0,70.0
REFI,20.0,20.0,20.0,14.0
REAX,6.0,7.0,6.0,4.0
REAL,8.0,15.0,3.0,5.0
RDY,16.0,17.0,16.0,15.0
RDWR,27.0,30.0,24.0,30.0
RDW,19.0,28.0,8.0,16.0
RDUS,22.0,22.0,22.0,29.0
RDNT,69.0,80.0,60.0,56.0
RDN,36.0,40.0,33.0,36.0
RDDT,139.0,220.0,67.0,157.0
RDCM,18.0,18.0,18.0,13.0
RCUS,21.0,33.0,13.0,8.0
RCL,280.0,360.0,230.0,334.0
RCKY,20.0,20.0,20.0,23.0
RCKT,18.0,44.0,5.0,2.0
RCI,67.0,74.0,57.0,32.0
RCEL,16.0,21.0,12.0,5.0
RCAT,13.0,13.0,13.0,7.0
RC,6.0,10.0,3.0,4.0
RBRK,100.0,125.0,40.0,88.0
RBLX,83.0,125.0,34.0,103.0
RBCAA,69.0,69.0,69.0,77.0
RBC,394.0,431.0,335.0,388.0
RBBN,5.0,6.0,5.0,4.0
RBB,21.0,23.0,20.0,18.0
RBA,115.0,125.0,92.0,105.0
RARE,87.0,136.0,48.0,39.0
RAMP,40.0,48.0,31.0,33.0
RACE,526.0,565.0,460.0,490.0
R,172.0,190.0,150.0,171.0
QXO,33.0,44.0,27.0,21.0
QURE,37.0,70.0,20.0,14.0
QUBT,18.0,22.0,15.0,20.0
QUAD,9.0,10.0,8.0,6.0
QTWO,100.0,126.0,60.0,92.0
QTRX,15.0,24.0,8.0,6.0
QSR,75.0,90.0,65.0,68.0
QSI,3.0,5.0,1.0,2.0
QRVO,90.0,135.0,69.0,84.0
QNST,29.0,34.0,19.0,16.0
QLYS,137.0,160.0,90.0,151.0
QGEN,49.0,55.0,43.0,48.0
QFIN,51.0,65.0,37.0,43.0
QDEL,44.0,61.0,25.0,30.0
QCRH,85.0,90.0,78.0,73.0
QCOM,186.0,225.0,140.0,162.0
QBTS,14.0,20.0,3.0,16.0
PYPL,83.0,107.0,56.0,76.0
PWR,350.0,414.0,256.0,386.0
PWP,23.0,29.0,18.0,20.0
PVLA,46.0,52.0,38.0,24.0
PVH,98.0,146.0,64.0,72.0
PVBC,12.0,12.0,12.0,12.0
PUMP,9.0,11.0,7.0,6.0
PUBM,19.0,25.0,14.0,12.0
PTON,8.0,15.0,4.0,6.0
PTMN,14.0,14.0,14.0,12.0
PTLO,13.0,17.0,12.0,12.0
PTGX,66.0,80.0,38.0,51.0
PTEN,9.0,12.0,6.0,6.0
PTCT,65.0,112.0,40.0,48.0
PTC,188.0,230.0,160.0,175.0
PSTL,16.0,16.0,16.0,15.0
PSTG,69.0,93.0,50.0,56.0
PSNL,7.0,9.0,6.0,7.0
PSN,86.0,115.0,69.0,74.0
PSFE,16.0,21.0,14.0,13.0
PSEC,3.0,3.0,3.0,3.0
PSBD,14.0,15.0,13.0,14.0
PSA,337.0,422.0,299.0,296.0
PRVA,27.0,40.0,20.0,22.0
PRU,120.0,152.0,101.0,109.0
PRTH,13.0,16.0,10.0,8.0
PRTC,45.0,45.0,45.0,17.0
PRTA,31.0,81.0,6.0,6.0
PRSU,29.0,41.0,10.0,31.0
PRQR,8.0,14.0,4.0,2.0
PROV,16.0,16.0,16.0,15.0
PROP,8.0,10.0,8.0,3.0
PROK,3.0,6.0,1.0,0.0
PROF,11.0,12.0,11.0,5.0
PRO,28.0,39.0,18.0,16.0
PRME,10.0,18.0,1.0,3.0
PRMB,41.0,48.0,38.0,29.0
PRLB,43.0,50.0,36.0,41.0
PRKS,57.0,74.0,45.0,54.0
PRK,177.0,185.0,170.0,177.0
PRIM,87.0,110.0,73.0,84.0
PRI,308.0,345.0,249.0,277.0
PRGS,75.0,83.0,68.0,54.0
PRGO,33.0,42.0,27.0,27.0
PRG,44.0,60.0,29.0,30.0
PRDO,40.0,40.0,40.0,32.0
PRCT,90.0,112.0,70.0,59.0
PRCH,10.0,15.0,3.0,12.0
PRAX,92.0,170.0,28.0,47.0
PRAA,27.0,31.0,23.0,15.0
PRA,21.0,25.0,18.0,23.0
PR,18.0,23.0,14.0,14.0
PPTA,21.0,27.0,17.0,12.0
PPL,36.0,40.0,35.0,33.0
PPG,130.0,155.0,105.0,118.0
PPC,48.0,55.0,43.0,45.0
POWW,1.0,2.0,1.0,1.0
POWL,312.0,312.0,312.0,217.0
POWI,74.0,80.0,68.0,59.0
POST,130.0,150.0,120.0,108.0
POR,45.0,51.0,42.0,41.0
POOL,342.0,415.0,300.0,301.0
PONY,19.0,20.0,18.0,12.0
POET,6.0,7.0,5.0,5.0
PODD,321.0,380.0,223.0,301.0
PNTG,34.0,38.0,31.0,26.0
PNR,107.0,125.0,95.0,106.0
PNNT,5.0,6.0,5.0,6.0
PNFP,122.0,142.0,98.0,117.0
PNC,206.0,235.0,178.0,195.0
PMTS,36.0,40.0,34.0,25.0
PM,176.0,220.0,135.0,179.0
PLXS,155.0,162.0,145.0,140.0
PLX,15.0,15.0,15.0,1.0
PLUG,1.0,4.0,0.0,1.0
PLTR,89.0,155.0,18.0,134.0
PLTK,7.0,11.0,5.0,4.0
PLMR,174.0,204.0,150.0,146.0
PLL,12.0,20.0,8.0,6.0
PLD,120.0,137.0,95.0,108.0
PLBC,57.0,60.0,54.0,47.0
PLAY,33.0,46.0,29.0,34.0
PLAB,31.0,32.0,30.0,19.0
PL,6.0,8.0,4.0,6.0
PKST,15.0,16.0,15.0,13.0
PKG,211.0,239.0,180.0,202.0
PK,12.0,20.0,10.0,10.0
PJT,154.0,175.0,132.0,168.0
PIPR,286.0,286.0,286.0,293.0
PINS,40.0,51.0,32.0,35.0
PINE,18.0,21.0,16.0,14.0
PINC,22.0,24.0,19.0,22.0
PII,46.0,80.0,27.0,46.0
PI,155.0,251.0,100.0,115.0
PHVS,36.0,55.0,25.0,18.0
PHR,31.0,35.0,28.0,28.0
PHAT,17.0,28.0,5.0,8.0
PHAR,30.0,39.0,14.0,10.0
PH,719.0,827.0,575.0,719.0
PGY,21.0,36.0,11.0,22.0
PGRE,5.0,8.0,3.0,6.0
PGR,288.0,333.0,225.0,260.0
PGEN,6.0,6.0,6.0,1.0
PGC,37.0,39.0,35.0,30.0
PG,178.0,209.0,161.0,160.0
PFSI,120.0,130.0,110.0,102.0
PFS,23.0,27.0,21.0,18.0
PFLT,10.0,11.0,10.0,10.0
PFIS,53.0,53.0,53.0,53.0
PFGC,100.0,121.0,88.0,88.0
PFE,28.0,34.0,23.0,25.0
PFBC,92.0,96.0,90.0,91.0
PERI,12.0,14.0,7.0,11.0
PEP,159.0,183.0,135.0,135.0
PENN,23.0,30.0,16.0,18.0
PENG,24.0,30.0,20.0,21.0
PEN,302.0,340.0,245.0,250.0
PEGA,54.0,66.0,39.0,54.0
PEG,89.0,100.0,82.0,81.0
PECO,38.0,44.0,36.0,35.0
PEB,11.0,15.0,9.0,10.0
PDYN,15.0,15.0,15.0,8.0
PDS,112.0,112.0,112.0,50.0
PDM,8.0,9.0,8.0,7.0
PDFS,33.0,45.0,24.0,22.0
PDEX,56.0,56.0,56.0,47.0
PDD,144.0,224.0,105.0,103.0
PDCC,19.0,19.0,19.0,18.0
PD,19.0,26.0,17.0,15.0
PCVX,136.0,163.0,90.0,33.0
PCTY,224.0,270.0,185.0,184.0
PCT,12.0,16.0,6.0,13.0
PCRX,26.0,65.0,10.0,23.0
PCOR,80.0,97.0,60.0,72.0
PCH,48.0,54.0,42.0,39.0
PCG,20.0,24.0,17.0,13.0
PCB,22.0,23.0,21.0,22.0
PCAR,104.0,121.0,78.0,97.0
PBYI,7.0,7.0,7.0,3.0
PBR,17.0,20.0,15.0,13.0
PBPB,16.0,17.0,16.0,12.0
PBH,93.0,104.0,76.0,79.0
PBF,23.0,35.0,16.0,23.0
PBA,56.0,56.0,56.0,37.0
PB,83.0,94.0,76.0,73.0
PAYX,149.0,165.0,131.0,147.0
PAYS,8.0,9.0,7.0,8.0
PAYC,226.0,270.0,175.0,232.0
PAX,14.0,14.0,14.0,14.0
PATK,96.0,105.0,76.0,98.0
PATH,13.0,18.0,10.0,13.0
PARR,21.0,30.0,14.0,31.0
PARA,11.0,16.0,10.0,12.0
PAR,79.0,92.0,60.0,69.0
PAMT,12.0,12.0,12.0,14.0
PAM,85.0,93.0,72.0,72.0
PAL,16.0,19.0,14.0,7.0
PAHC,21.0,26.0,15.0,27.0
PAGS,11.0,15.0,6.0,9.0
PAGP,20.0,24.0,18.0,19.0
PAG,172.0,205.0,140.0,182.0
PACS,34.0,50.0,18.0,13.0
PACK,5.0,6.0,5.0,3.0
PAC,200.0,210.0,185.0,233.0
PAAS,30.0,42.0,23.0,29.0
OZK,50.0,63.0,40.0,51.0
OXM,55.0,80.0,44.0,43.0
OWLT,7.0,8.0,7.0,8.0
OWL,24.0,28.0,20.0,19.0
OVV,54.0,65.0,41.0,40.0
OUT,18.0,21.0,16.0,17.0
OUST,15.0,19.0,11.0,22.0
OTTR,83.0,83.0,83.0,79.0
OTLY,16.0,24.0,10.0,12.0
OTIS,101.0,113.0,90.0,99.0
OTEX,32.0,43.0,28.0,29.0
OSW,21.0,23.0,19.0,21.0
OSUR,3.0,3.0,3.0,3.0
OSPN,19.0,20.0,19.0,17.0
OSK,123.0,169.0,91.0,124.0
OSIS,228.0,260.0,175.0,215.0
OSBC,20.0,24.0,18.0,19.0
ORRF,38.0,43.0,35.0,33.0
ORN,11.0,11.0,11.0,9.0
ORLY,94.0,106.0,86.0,91.0
ORLA,6.0,6.0,6.0,10.0
ORIC,19.0,22.0,12.0,10.0
ORI,42.0,42.0,42.0,39.0
ORGO,6.0,6.0,6.0,4.0
ORCL,204.0,275.0,130.0,237.0
ORA,84.0,92.0,75.0,87.0
OR,23.0,24.0,22.0,26.0
OPRX,10.0,16.0,5.0,13.0
OPRT,8.0,10.0,5.0,7.0
OPRA,24.0,28.0,22.0,19.0
OPFI,13.0,14.0,13.0,13.0
OPEN,1.0,1.0,1.0,0.0
OPCH,35.0,41.0,27.0,30.0
OPBK,18.0,18.0,18.0,14.0
OPAL,3.0,3.0,2.0,2.0
OOMA,17.0,20.0,15.0,13.0
ONTO,141.0,190.0,90.0,101.0
ONTF,5.0,6.0,5.0,5.0
ONON,63.0,75.0,44.0,54.0
ONIT,48.0,55.0,40.0,38.0
ONEW,19.0,25.0,16.0,14.0
ONDS,3.0,4.0,2.0,1.0
ONC,320.0,350.0,259.0,245.0
ONB,25.0,28.0,23.0,21.0
ON,56.0,90.0,34.0,56.0
OMI,11.0,14.0,10.0,9.0
OMF,58.0,65.0,46.0,59.0
OMER,18.0,36.0,9.0,3.0
OMDA,23.0,29.0,19.0,18.0
OMCL,44.0,64.0,34.0,29.0
OMC,96.0,120.0,80.0,74.0
OMAB,88.0,106.0,71.0,108.0
OM,27.0,45.0,15.0,20.0
OLPX,1.0,2.0,1.0,1.0
OLP,28.0,28.0,28.0,24.0
OLO,9.0,10.0,8.0,10.0
OLMA,24.0,30.0,18.0,4.0
OLLI,125.0,145.0,105.0,135.0
OLED,190.0,225.0,160.0,158.0
OKYO,7.0,7.0,7.0,2.0
OKTA,121.0,140.0,75.0,99.0
OKLO,58.0,75.0,30.0,53.0
OKE,104.0,133.0,85.0,81.0
OIS,6.0,9.0,5.0,5.0
OI,16.0,18.0,14.0,15.0
OHI,41.0,49.0,37.0,36.0
OGS,77.0,89.0,71.0,72.0
OGN,18.0,24.0,10.0,10.0
OGE,46.0,47.0,46.0,44.0
OFIX,21.0,24.0,16.0,11.0
OFG,45.0,50.0,42.0,45.0
OEC,14.0,17.0,12.0,11.0
ODP,28.0,28.0,28.0,18.0
ODFL,174.0,236.0,102.0,171.0
OCUL,17.0,22.0,14.0,9.0
OCSL,15.0,20.0,14.0,14.0
OCS,35.0,41.0,32.0,18.0
OCGN,6.0,7.0,4.0,0.0
OCFC,20.0,22.0,17.0,18.0
OC,183.0,218.0,160.0,145.0
OBT,32.0,35.0,29.0,27.0
OBK,42.0,45.0,39.0,37.0
OBIO,14.0,20.0,12.0,2.0
OBDC,15.0,17.0,14.0,14.0
NYXH,14.0,16.0,13.0,7.0
NYT,56.0,66.0,45.0,57.0
NYAX,38.0,47.0,28.0,50.0
NXXT,6.0,6.0,6.0,2.0
NXT,60.0,71.0,45.0,66.0
NXST,205.0,220.0,200.0,180.0
NXRT,43.0,50.0,38.0,33.0
NXPI,246.0,300.0,170.0,232.0
NX,38.0,38.0,38.0,20.0
NWSA,39.0,45.0,36.0,29.0
NWPX,55.0,55.0,55.0,42.0
NWN,46.0,49.0,43.0,41.0
NWL,7.0,11.0,4.0,5.0
NWFL,28.0,31.0,25.0,26.0
NWE,56.0,56.0,56.0,52.0
NWBI,15.0,15.0,15.0,13.0
NVTS,3.0,6.0,1.0,6.0
NVT,70.0,75.0,59.0,73.0
NVST,20.0,23.0,16.0,20.0
NVS,123.0,130.0,120.0,121.0
NVRI,10.0,10.0,10.0,8.0
NVO,112.0,160.0,64.0,69.0
NVMI,282.0,300.0,270.0,284.0
NVGS,21.0,24.0,20.0,15.0
NVEE,25.0,28.0,24.0,23.0
NVDA,176.0,250.0,120.0,159.0
NVCT,17.0,19.0,15.0,7.0
NVCR,32.0,40.0,27.0,17.0
NVAX,17.0,26.0,6.0,6.0
NUVL,119.0,140.0,100.0,80.0
NUVB,7.0,10.0,5.0,2.0
NUTX,262.0,300.0,225.0,119.0
NUE,150.0,169.0,135.0,138.0
NU,15.0,19.0,11.0,13.0
NTRS,114.0,126.0,101.0,131.0
NTRB,13.0,13.0,13.0,9.0
NTRA,184.0,251.0,125.0,161.0
NTR,62.0,75.0,50.0,60.0
NTNX,90.0,100.0,75.0,76.0
NTLA,33.0,68.0,7.0,10.0
NTES,119.0,135.0,103.0,133.0
NTCT,25.0,25.0,25.0,24.0
NTAP,117.0,145.0,100.0,107.0
NSSC,29.0,33.0,26.0,29.0
NSP,80.0,90.0,70.0,61.0
NSIT,185.0,220.0,156.0,143.0
NSC,267.0,293.0,175.0,262.0
NSA,38.0,54.0,30.0,32.0
NRIX,30.0,41.0,16.0,12.0
NRIM,104.0,104.0,104.0,98.0
NRGV,1.0,2.0,0.0,0.0
NRG,151.0,200.0,99.0,158.0
NRDY,2.0,3.0,1.0,1.0
NRDS,15.0,19.0,11.0,11.0
NPWR,4.0,6.0,2.0,3.0
NPO,202.0,215.0,190.0,203.0
NPKI,11.0,12.0,11.0,8.0
NPCE,15.0,18.0,8.0,10.0
NPB,17.0,18.0,16.0,14.0
NOW,1.0,1.0,724.0,1.0
NOVT,160.0,160.0,160.0,133.0
NOV,17.0,23.0,10.0,13.0
NOTE,2.0,5.0,1.0,0.0
NOMD,24.0,26.0,23.0,17.0
NOK,5.0,7.0,3.0,5.0
NOC,552.0,625.0,500.0,503.0
NOAH,12.0,13.0,11.0,11.0
NNOX,9.0,10.0,9.0,5.0
NNN,44.0,48.0,43.0,43.0
NNI,98.0,98.0,98.0,122.0
NN,20.0,20.0,20.0,15.0
NMRK,15.0,17.0,14.0,12.0
NMRA,9.0,20.0,1.0,0.0
NMM,80.0,80.0,80.0,38.0
NMIH,42.0,47.0,37.0,43.0
NMG,2.0,2.0,2.0,1.0
NMFC,10.0,11.0,10.0,10.0
NLY,21.0,23.0,19.0,19.0
NLOP,46.0,46.0,46.0,32.0
NL,6.0,6.0,6.0,6.0
NKTX,14.0,18.0,10.0,1.0
NKTR,84.0,120.0,30.0,24.0
NKSH,38.0,38.0,38.0,29.0
NKE,77.0,115.0,58.0,76.0
NJR,51.0,54.0,49.0,45.0
NIPG,6.0,6.0,6.0,2.0
NIO,4.0,8.0,3.0,3.0
NICE,209.0,300.0,161.0,170.0
NIC,119.0,131.0,110.0,131.0
NI,41.0,45.0,34.0,39.0
NHI,85.0,92.0,77.0,70.0
NGVT,52.0,65.0,38.0,46.0
NGS,32.0,33.0,32.0,25.0
NGNE,46.0,72.0,24.0,20.0
NGG,80.0,80.0,80.0,71.0
NGD,4.0,4.0,3.0,4.0
NFLX,1.0,1.0,680.0,1.0
NFGC,5.0,5.0,5.0,1.0
NFG,82.0,85.0,81.0,84.0
NFE,9.0,19.0,4.0,4.0
NFBK,13.0,14.0,12.0,12.0
NEXT,11.0,11.0,11.0,9.0
NEXN,15.0,18.0,14.0,10.0
NEXA,6.0,7.0,5.0,4.0
NEWT,14.0,15.0,13.0,11.0
NET,145.0,210.0,65.0,191.0
NESR,15.0,17.0,13.0,6.0
NEOV,7.0,7.0,7.0,3.0
NEON,16.0,16.0,16.0,25.0
NEOG,7.0,10.0,5.0,5.0
NEO,13.0,22.0,8.0,7.0
NEM,59.0,68.0,45.0,59.0
NEE,84.0,97.0,65.0,73.0
NDSN,252.0,285.0,219.0,222.0
NDAQ,88.0,105.0,74.0,89.0
NCNO,30.0,43.0,24.0,28.0
NCMI,7.0,7.0,6.0,4.0
NCLH,24.0,36.0,18.0,21.0
NCDL,16.0,18.0,14.0,16.0
NBTX,8.0,8.0,8.0,5.0
NBTB,52.0,55.0,50.0,43.0
NBR,43.0,85.0,25.0,31.0
NBN,97.0,115.0,80.0,95.0
NBIX,162.0,219.0,115.0,128.0
NBIS,66.0,84.0,47.0,50.0
NBHC,46.0,52.0,39.0,40.0
NBBK,22.0,22.0,22.0,18.0
NB,4.0,4.0,4.0,2.0
NAVI,12.0,16.0,11.0,14.0
NATR,18.0,19.0,18.0,15.0
NAMS,42.0,52.0,37.0,19.0
NAK,1.0,1.0,1.0,1.0
NABL,9.0,10.0,8.0,8.0
MYRG,157.0,170.0,131.0,188.0
MYPS,2.0,4.0,1.0,1.0
MYGN,14.0,30.0,6.0,5.0
MYFW,24.0,26.0,22.0,23.0
MYE,21.0,21.0,21.0,15.0
MXL,19.0,27.0,10.0,14.0
MXCT,7.0,9.0,6.0,2.0
MX,6.0,6.0,6.0,4.0
MWA,26.0,29.0,20.0,24.0
MVST,3.0,3.0,3.0,3.0
MVIS,2.0,3.0,2.0,1.0
MVBF,24.0,29.0,20.0,23.0
MUX,14.0,15.0,12.0,11.0
MUSA,526.0,600.0,435.0,420.0
MUR,29.0,40.0,22.0,23.0
MU,146.0,200.0,67.0,122.0
MTZ,169.0,210.0,125.0,171.0
MTX,80.0,80.0,80.0,59.0
MTW,10.0,12.0,9.0,12.0
MTSI,133.0,160.0,110.0,141.0
MTRX,20.0,20.0,20.0,13.0
MTN,187.0,244.0,146.0,164.0
MTH,97.0,115.0,70.0,70.0
MTG,26.0,30.0,25.0,28.0
MTDR,69.0,86.0,47.0,50.0
MTD,1.0,1.0,1.0,1.0
MTCH,35.0,46.0,28.0,32.0
MTB,211.0,250.0,175.0,202.0
MTAL,12.0,13.0,12.0,12.0
MSTR,514.0,650.0,220.0,405.0
MSI,513.0,530.0,500.0,424.0
MSGS,252.0,314.0,215.0,207.0
MSGE,42.0,46.0,39.0,37.0
MSFT,524.0,605.0,475.0,498.0
MSEX,61.0,66.0,56.0,55.0
MSDL,20.0,21.0,19.0,19.0
MSCI,645.0,723.0,530.0,587.0
MSBI,21.0,23.0,20.0,18.0
MS,133.0,156.0,118.0,144.0
MRVL,96.0,149.0,66.0,75.0
MRVI,6.0,13.0,2.0,2.0
MRUS,84.0,110.0,67.0,53.0
MRTN,19.0,19.0,19.0,13.0
MRP,30.0,31.0,30.0,28.0
MRNA,46.0,80.0,26.0,30.0
MRK,109.0,140.0,84.0,80.0
MREO,7.0,10.0,7.0,2.0
MRCY,50.0,60.0,33.0,51.0
MRCC,7.0,8.0,7.0,6.0
MRC,15.0,17.0,13.0,13.0
MRBK,17.0,18.0,16.0,13.0
MRAM,8.0,8.0,8.0,6.0
MQ,5.0,7.0,4.0,5.0
MPX,8.0,8.0,8.0,9.0
MPWR,789.0,994.0,644.0,758.0
MPW,5.0,9.0,4.0,4.0
MPLX,55.0,62.0,43.0,50.0
MPC,176.0,231.0,147.0,172.0
MPB,36.0,37.0,35.0,30.0
MPAA,14.0,14.0,14.0,12.0
MP,27.0,38.0,12.0,31.0
MOV,31.0,31.0,31.0,16.0
MOS,34.0,42.0,28.0,37.0
MORN,361.0,390.0,340.0,311.0
MOMO,9.0,13.0,7.0,8.0
MOH,364.0,414.0,297.0,239.0
MOFG,34.0,38.0,33.0,30.0
MODG,10.0,14.0,7.0,9.0
MOD,135.0,155.0,122.0,104.0
MO,57.0,65.0,49.0,59.0
MNTN,26.0,38.0,20.0,21.0
MNTK,3.0,4.0,3.0,2.0
MNST,62.0,72.0,45.0,62.0
MNSO,24.0,29.0,20.0,18.0
MNRO,17.0,19.0,16.0,16.0
MNR,24.0,25.0,23.0,14.0
MNPR,56.0,76.0,40.0,35.0
MNMD,25.0,55.0,14.0,7.0
MNKD,10.0,12.0,8.0,3.0
MNDY,347.0,450.0,290.0,301.0
MMYT,121.0,130.0,110.0,95.0
MMM,155.0,184.0,100.0,152.0
MMI,30.0,30.0,30.0,32.0
MMC,241.0,281.0,215.0,212.0
MLYS,32.0,48.0,15.0,14.0
MLTX,74.0,100.0,61.0,46.0
MLR,64.0,64.0,64.0,46.0
MLNK,19.0,24.0,16.0,17.0
MLM,603.0,690.0,515.0,557.0
MLI,105.0,105.0,105.0,83.0
MLCO,7.0,9.0,4.0,8.0
MLAB,130.0,160.0,100.0,102.0
MKTX,241.0,295.0,191.0,221.0
MKL,1.0,2.0,1.0,1.0
MITT,8.0,9.0,8.0,7.0
MIST,7.0,9.0,5.0,1.0
MIRM,65.0,77.0,49.0,49.0
MIR,18.0,21.0,17.0,20.0
MIDD,168.0,186.0,150.0,148.0
MHO,162.0,185.0,140.0,115.0
MGY,27.0,34.0,19.0,23.0
MGRM,5.0,5.0,5.0,2.0
MGRC,145.0,152.0,139.0,120.0
MGPI,50.0,75.0,35.0,34.0
MGM,48.0,60.0,36.0,37.0
MGIC,16.0,16.0,16.0,21.0
MGEE,74.0,74.0,74.0,89.0
MGA,41.0,55.0,31.0,41.0
MFIC,14.0,16.0,11.0,12.0
MFC,48.0,51.0,46.0,31.0
MFA,12.0,15.0,10.0,9.0
METC,13.0,14.0,13.0,11.0
META,719.0,935.0,525.0,716.0
MET,94.0,99.0,86.0,79.0
MESO,18.0,24.0,12.0,10.0
MERC,4.0,5.0,4.0,3.0
MEOH,44.0,53.0,33.0,34.0
MELI,2.0,3.0,2.0,2.0
MEI,10.0,14.0,7.0,10.0
MEG,31.0,38.0,29.0,22.0
MEDP,344.0,432.0,300.0,321.0
MED,16.0,16.0,16.0,14.0
MEC,19.0,23.0,16.0,16.0
MDXH,6.0,7.0,6.0,2.0
MDXG,12.0,13.0,12.0,6.0
MDWD,31.0,39.0,25.0,19.0
MDV,18.0,18.0,18.0,14.0
MDU,18.0,19.0,17.0,16.0
MDT,97.0,110.0,87.0,88.0
MDLZ,70.0,88.0,52.0,69.0
MDGL,420.0,469.0,350.0,298.0
MDB,282.0,430.0,170.0,211.0
MD,16.0,20.0,15.0,13.0
MCY,80.0,80.0,80.0,67.0
MCW,8.0,10.0,6.0,6.0
MCS,24.0,25.0,24.0,17.0
MCO,521.0,573.0,456.0,504.0
MCK,696.0,805.0,579.0,719.0
MCHP,70.0,100.0,50.0,72.0
MCFT,20.0,22.0,17.0,20.0
MCD,321.0,364.0,260.0,293.0
MCBS,34.0,34.0,34.0,30.0
MCB,77.0,85.0,70.0,74.0
MC,64.0,92.0,50.0,65.0
MBX,37.0,44.0,30.0,12.0
MBWM,52.0,57.0,47.0,49.0
MBUU,36.0,45.0,28.0,34.0
MBLY,18.0,33.0,10.0,19.0
MBIN,47.0,56.0,41.0,35.0
MBI,6.0,8.0,4.0,4.0
MBCN,28.0,32.0,25.0,31.0
MBC,15.0,15.0,15.0,11.0
MAZE,25.0,30.0,19.0,11.0
MAX,17.0,26.0,12.0,10.0
MATX,138.0,150.0,130.0,113.0
MATW,40.0,40.0,40.0,25.0
MAT,24.0,30.0,17.0,20.0
MASS,5.0,6.0,4.0,6.0
MASI,191.0,200.0,185.0,167.0
MARA,20.0,29.0,9.0,17.0
MAR,275.0,330.0,216.0,280.0
MAPS,2.0,2.0,2.0,0.0
MANU,20.0,23.0,18.0,18.0
MANH,208.0,270.0,170.0,199.0
MAN,50.0,57.0,48.0,44.0
MAMA,10.0,11.0,10.0,9.0
MAGN,18.0,21.0,16.0,13.0
MAG,19.0,22.0,16.0,21.0
MAC,18.0,23.0,14.0,16.0
MAA,169.0,190.0,140.0,150.0
MA,611.0,685.0,470.0,566.0
M,13.0,20.0,8.0,12.0
LZM,14.0,14.0,14.0,4.0
LZB,44.0,46.0,43.0,39.0
LZ,8.0,12.0,6.0,9.0
LYV,165.0,185.0,145.0,149.0
LYTS,26.0,30.0,22.0,17.0
LYFT,16.0,28.0,10.0,16.0
LYB,68.0,94.0,51.0,62.0
LXU,9.0,10.0,8.0,8.0
LXRX,3.0,6.0,1.0,0.0
LXP,10.0,11.0,10.0,8.0
LXEO,16.0,20.0,10.0,4.0
LX,13.0,13.0,13.0,7.0
LW,67.0,85.0,56.0,53.0
LVS,55.0,69.0,45.0,47.0
LVRO,3.0,5.0,1.0,2.0
LUV,31.0,42.0,23.0,34.0
LUNR,16.0,21.0,12.0,10.0
LUNG,11.0,17.0,4.0,2.0
LUMN,4.0,6.0,2.0,4.0
LULU,338.0,500.0,200.0,247.0
LUCK,11.0,16.0,9.0,9.0
LUCD,3.0,7.0,2.0,1.0
LU,2.0,3.0,2.0,2.0
LTRX,3.0,4.0,3.0,3.0
LTM,38.0,40.0,36.0,41.0
LTH,35.0,45.0,28.0,29.0
LTC,38.0,40.0,36.0,35.0
LSTR,151.0,195.0,125.0,146.0
LSPD,14.0,21.0,9.0,11.0
LSCC,63.0,75.0,47.0,52.0
LRN,126.0,170.0,94.0,137.0
LRMR,18.0,26.0,10.0,3.0
LRCX,94.0,125.0,70.0,98.0
LQDT,38.0,40.0,37.0,24.0
LQDA,26.0,37.0,13.0,12.0
LPX,106.0,117.0,75.0,91.0
LPTH,4.0,5.0,4.0,3.0
LPSN,1.0,1.0,1.0,1.0
LPRO,4.0,7.0,2.0,2.0
LPLA,387.0,460.0,268.0,384.0
LPG,35.0,35.0,35.0,25.0
LOW,271.0,305.0,240.0,228.0
LOVE,30.0,35.0,24.0,19.0
LOPE,207.0,222.0,186.0,183.0
LOGI,84.0,100.0,73.0,92.0
LODE,26.0,26.0,26.0,3.0
LOCO,15.0,18.0,13.0,11.0
LOB,41.0,46.0,34.0,32.0
LOAR,97.0,100.0,92.0,81.0
LNW,106.0,144.0,81.0,99.0
LNTH,130.0,175.0,109.0,79.0
LNT,63.0,71.0,57.0,61.0
LNSR,15.0,15.0,15.0,13.0
LNN,136.0,136.0,136.0,148.0
LNKB,8.0,9.0,8.0,7.0
LNG,258.0,288.0,217.0,239.0
LNC,37.0,44.0,31.0,34.0
LMT,541.0,704.0,432.0,463.0
LMNR,25.0,28.0,23.0,16.0
LMND,30.0,60.0,14.0,42.0
LMB,129.0,156.0,80.0,149.0
LMAT,97.0,110.0,93.0,84.0
LLY,1.0,1.0,700.0,779.0
LKFN,68.0,72.0,65.0,65.0
LIVN,59.0,64.0,55.0,46.0
LITE,84.0,115.0,50.0,92.0
LION,8.0,10.0,8.0,5.0
LINE,61.0,94.0,42.0,43.0
LIND,15.0,16.0,15.0,12.0
LINC,24.0,26.0,23.0,23.0
LILAK,10.0,15.0,7.0,6.0
LILA,6.0,6.0,6.0,6.0
LII,586.0,750.0,450.0,604.0
LIF,59.0,75.0,43.0,65.0
LI,32.0,40.0,27.0,26.0
LH,276.0,300.0,230.0,261.0
LGND,146.0,160.0,135.0,114.0
LGIH,104.0,140.0,80.0,55.0
LFVN,30.0,35.0,26.0,12.0
LFUS,252.0,280.0,194.0,236.0
LFST,8.0,10.0,7.0,4.0
LFMD,12.0,18.0,7.0,12.0
LFCR,8.0,10.0,6.0,8.0
LEVI,20.0,25.0,16.0,19.0
LEU,165.0,300.0,58.0,176.0
LENZ,46.0,60.0,37.0,32.0
LEN,128.0,190.0,95.0,110.0
LEGN,72.0,86.0,54.0,35.0
LEGH,27.0,29.0,26.0,23.0
LEG,9.0,11.0,9.0,9.0
LEA,108.0,136.0,85.0,103.0
LDI,1.0,2.0,1.0,1.0
LCTX,4.0,9.0,2.0,1.0
LCNB,16.0,16.0,16.0,15.0
LCII,114.0,145.0,88.0,98.0
LCID,2.0,5.0,1.0,2.0
LC,16.0,19.0,12.0,12.0
LBTYA,14.0,27.0,10.0,9.0
LBRT,17.0,25.0,12.0,12.0
LBRDK,80.0,91.0,69.0,100.0
LBRDA,100.0,115.0,92.0,99.0
LB,60.0,93.0,25.0,65.0
LAZR,53.0,135.0,2.0,3.0
LAW,6.0,8.0,5.0,4.0
LAUR,20.0,24.0,17.0,23.0
LASR,17.0,24.0,14.0,19.0
LAR,3.0,3.0,3.0,2.0
LAND,14.0,14.0,14.0,10.0
LAMR,134.0,160.0,124.0,124.0
LAKE,26.0,29.0,23.0,13.0
LAES,1.0,1.0,1.0,3.0
LADR,13.0,14.0,12.0,11.0
LAD,379.0,500.0,308.0,352.0
LAC,3.0,5.0,2.0,2.0
LAB,2.0,2.0,2.0,1.0
L,112.0,112.0,112.0,92.0
KYTX,18.0,33.0,5.0,2.0
KYMR,59.0,70.0,51.0,44.0
KW,11.0,13.0,9.0,7.0
KVYO,43.0,60.0,34.0,33.0
KVUE,25.0,29.0,23.0,21.0
KURA,24.0,40.0,10.0,5.0
KULR,40.0,40.0,40.0,6.0
KTOS,44.0,54.0,30.0,44.0
KSPI,135.0,140.0,130.0,84.0
KRYS,211.0,245.0,155.0,143.0
KRUS,79.0,120.0,47.0,88.0
KRT,33.0,36.0,31.0,29.0
KRRO,102.0,180.0,25.0,12.0
KRP,17.0,23.0,14.0,14.0
KROS,30.0,102.0,15.0,13.0
KRO,7.0,8.0,7.0,6.0
KRNY,7.0,8.0,7.0,6.0
KRMN,49.0,58.0,38.0,45.0
KRMD,4.0,6.0,3.0,3.0
KRG,27.0,32.0,24.0,23.0
KRC,38.0,44.0,33.0,35.0
KR,70.0,83.0,55.0,69.0
KOS,4.0,7.0,3.0,1.0
KOPN,2.0,3.0,2.0,1.0
KOP,64.0,64.0,64.0,33.0
KOF,106.0,110.0,102.0,97.0
KOD,9.0,20.0,3.0,3.0
KO,76.0,86.0,70.0,71.0
KNX,53.0,70.0,44.0,47.0
KNTK,56.0,65.0,48.0,43.0
KNSA,38.0,45.0,34.0,27.0
KNF,117.0,129.0,100.0,80.0
KN,19.0,22.0,17.0,18.0
KMX,84.0,105.0,65.0,69.0
KMT,25.0,32.0,21.0,24.0
KMPR,79.0,85.0,71.0,63.0
KMI,30.0,38.0,24.0,28.0
KMB,143.0,162.0,118.0,132.0
KLIC,44.0,55.0,36.0,36.0
KLG,16.0,18.0,16.0,17.0
KLAC,818.0,950.0,590.0,914.0
KKR,149.0,194.0,119.0,138.0
KINS,6.0,6.0,6.0,15.0
KIND,2.0,4.0,1.0,1.0
KIM,24.0,30.0,21.0,21.0
KIDS,35.0,50.0,24.0,22.0
KHC,30.0,35.0,27.0,26.0
KGS,40.0,48.0,30.0,33.0
KGEI,11.0,11.0,11.0,6.0
KGC,17.0,19.0,15.0,15.0
KFY,81.0,88.0,74.0,73.0
KFRC,53.0,71.0,40.0,43.0
KEYS,183.0,200.0,170.0,158.0
KELYA,25.0,25.0,25.0,12.0
KE,22.0,29.0,19.0,20.0
KDP,39.0,42.0,36.0,33.0
KC,11.0,18.0,3.0,12.0
KBR,64.0,84.0,54.0,47.0
KBDC,16.0,17.0,16.0,15.0
KAR,24.0,26.0,20.0,25.0
KALV,24.0,30.0,19.0,11.0
KALU,69.0,74.0,64.0,85.0
K,79.0,83.0,69.0,80.0
JYNT,15.0,16.0,15.0,11.0
JXN,94.0,108.0,80.0,88.0
JSPR,59.0,90.0,33.0,7.0
JRVR,6.0,8.0,5.0,5.0
JPM,277.0,330.0,205.0,296.0
JOBY,9.0,13.0,5.0,10.0
JNJ,170.0,215.0,150.0,155.0
JMIA,7.0,11.0,4.0,4.0
JLL,310.0,353.0,240.0,260.0
JKS,27.0,65.0,10.0,24.0
JKHY,185.0,206.0,155.0,181.0
JJSF,142.0,150.0,135.0,118.0
JILL,27.0,32.0,21.0,15.0
JEF,66.0,81.0,54.0,56.0
JD,46.0,55.0,35.0,32.0
JCI,97.0,130.0,75.0,106.0
JBTM,143.0,143.0,143.0,126.0
JBLU,5.0,8.0,3.0,4.0
JBL,225.0,245.0,208.0,224.0
JBI,10.0,14.0,7.0,8.0
JBHT,163.0,202.0,140.0,151.0
JBGS,16.0,17.0,15.0,17.0
JAZZ,184.0,230.0,147.0,109.0
JANX,95.0,200.0,41.0,24.0
JAKK,43.0,46.0,41.0,20.0
JACK,37.0,73.0,19.0,20.0
J,150.0,160.0,141.0,132.0
IVZ,17.0,22.0,13.0,16.0
IVT,31.0,34.0,29.0,27.0
IVA,10.0,17.0,3.0,3.0
ITW,252.0,295.0,220.0,258.0
ITUB,6.0,6.0,6.0,6.0
ITT,165.0,177.0,150.0,161.0
ITRN,50.0,50.0,50.0,39.0
ITRG,2.0,2.0,2.0,1.0
ITOS,15.0,46.0,8.0,10.0
ITGR,145.0,160.0,135.0,121.0
IT,515.0,580.0,400.0,400.0
ISTR,27.0,27.0,27.0,22.0
ISRG,588.0,700.0,440.0,543.0
ISPR,7.0,7.0,7.0,2.0
ISBA,28.0,28.0,28.0,28.0
IRWD,4.0,14.0,0.0,0.0
IRTC,138.0,167.0,100.0,142.0
IRT,22.0,25.0,21.0,17.0
IRS,13.0,13.0,13.0,14.0
IRMD,72.0,72.0,72.0,61.0
IRM,121.0,140.0,95.0,101.0
IREN,20.0,33.0,12.0,16.0
IRDM,34.0,40.0,25.0,31.0
IR,98.0,124.0,77.0,87.0
IQV,226.0,276.0,160.0,164.0
IQ,2.0,5.0,1.0,1.0
IPX,28.0,28.0,28.0,29.0
IPI,19.0,19.0,19.0,36.0
IPHA,11.0,11.0,11.0,1.0
IPGP,69.0,76.0,60.0,73.0
IPG,32.0,39.0,27.0,25.0
IPAR,157.0,172.0,138.0,138.0
IP,54.0,64.0,40.0,50.0
IOVA,12.0,25.0,2.0,1.0
IOT,50.0,63.0,42.0,39.0
IONS,58.0,77.0,37.0,42.0
IONQ,40.0,50.0,30.0,43.0
INVZ,2.0,4.0,1.0,1.0
INVX,13.0,13.0,13.0,15.0
INVH,37.0,43.0,33.0,32.0
INVA,55.0,55.0,55.0,19.0
INTU,793.0,900.0,530.0,782.0
INTR,6.0,8.0,4.0,7.0
INTC,21.0,28.0,14.0,22.0
INTA,65.0,83.0,48.0,48.0
INSW,51.0,56.0,48.0,38.0
INSP,211.0,255.0,174.0,128.0
INSM,106.0,120.0,92.0,98.0
INSG,13.0,16.0,8.0,8.0
INSE,13.0,21.0,10.0,8.0
INOD,55.0,75.0,23.0,49.0
INNV,5.0,5.0,5.0,4.0
INN,5.0,5.0,5.0,5.0
INMD,18.0,25.0,15.0,15.0
INGR,152.0,168.0,133.0,137.0
INGN,11.0,14.0,7.0,7.0
INGM,25.0,30.0,21.0,21.0
INFY,17.0,18.0,17.0,19.0
INFU,13.0,13.0,13.0,6.0
INFA,24.0,37.0,18.0,24.0
INDV,17.0,22.0,13.0,16.0
INDI,6.0,8.0,4.0,3.0
INDB,71.0,78.0,63.0,66.0
INCY,74.0,107.0,52.0,68.0
IMXI,19.0,28.0,11.0,10.0
IMVT,38.0,53.0,17.0,16.0
IMTX,14.0,19.0,10.0,5.0
IMRX,13.0,21.0,9.0,3.0
IMNM,23.0,30.0,20.0,8.0
IMMR,12.0,13.0,11.0,8.0
IMMP,7.0,7.0,7.0,1.0
IMCR,58.0,100.0,24.0,33.0
IMAX,31.0,36.0,26.0,27.0
IMAB,6.0,7.0,5.0,2.0
ILPT,5.0,5.0,5.0,4.0
ILMN,127.0,200.0,85.0,100.0
IKT,6.0,8.0,5.0,1.0
IIPR,78.0,130.0,45.0,56.0
IIIV,29.0,34.0,25.0,28.0
III,5.0,5.0,5.0,5.0
IHRT,2.0,4.0,1.0,1.0
IGIC,31.0,32.0,31.0,23.0
IFS,30.0,30.0,30.0,37.0
IFF,93.0,109.0,77.0,76.0
IEX,212.0,238.0,185.0,181.0
IE,13.0,15.0,10.0,9.0
IDYA,53.0,68.0,27.0,22.0
IDXX,558.0,625.0,510.0,546.0
IDCC,160.0,160.0,160.0,224.0
IDA,122.0,128.0,116.0,115.0
ICUI,192.0,200.0,187.0,135.0
ICLR,213.0,350.0,150.0,150.0
ICL,6.0,7.0,6.0,7.0
ICHR,34.0,45.0,25.0,23.0
ICG,9.0,11.0,7.0,1.0
ICFI,127.0,185.0,85.0,88.0
ICE,188.0,230.0,162.0,183.0
IBTA,61.0,70.0,55.0,36.0
IBRX,12.0,30.0,5.0,2.0
IBM,257.0,325.0,170.0,291.0
IBKR,53.0,66.0,41.0,57.0
IBEX,27.0,30.0,24.0,30.0
IBCP,36.0,39.0,35.0,34.0
IAUX,2.0,3.0,1.0,0.0
IAS,13.0,18.0,9.0,8.0
IART,18.0,25.0,12.0,13.0
IAG,8.0,10.0,6.0,7.0
IAC,54.0,100.0,14.0,39.0
HZO,36.0,46.0,26.0,27.0
HYLN,2.0,2.0,2.0,1.0
HXL,58.0,68.0,50.0,57.0
HWM,142.0,200.0,105.0,180.0
HWKN,142.0,160.0,125.0,152.0
HWC,63.0,70.0,56.0,61.0
HUYA,4.0,5.0,4.0,2.0
HURN,170.0,180.0,165.0,139.0
HURA,12.0,15.0,11.0,2.0
HUMA,11.0,25.0,4.0,2.0
HUM,280.0,326.0,250.0,238.0
HUBG,43.0,53.0,33.0,35.0
HUBB,455.0,535.0,414.0,414.0
HTZ,4.0,7.0,2.0,7.0
HTLD,9.0,12.0,9.0,9.0
HTHT,40.0,48.0,32.0,33.0
HTH,33.0,34.0,32.0,31.0
HTGC,19.0,22.0,18.0,18.0
HTBK,11.0,12.0,10.0,10.0
HSY,158.0,185.0,120.0,173.0
HSTM,31.0,34.0,29.0,27.0
HSII,49.0,52.0,46.0,48.0
HSIC,79.0,86.0,74.0,74.0
HSBC,63.0,63.0,63.0,60.0
HSAI,24.0,35.0,15.0,21.0
HRZN,8.0,13.0,6.0,7.0
HRTX,5.0,6.0,4.0,2.0
HRTG,29.0,30.0,28.0,23.0
HROW,61.0,65.0,55.0,31.0
HRMY,53.0,70.0,40.0,32.0
HRL,32.0,36.0,28.0,30.0
HRI,139.0,160.0,110.0,144.0
HRB,62.0,70.0,54.0,56.0
HR,16.0,17.0,15.0,15.0
HQY,118.0,130.0,100.0,99.0
HQI,16.0,19.0,13.0,10.0
HPQ,29.0,38.0,25.0,26.0
HPK,11.0,13.0,10.0,10.0
HPE,21.0,26.0,15.0,21.0
HP,26.0,40.0,17.0,16.0
HOV,120.0,120.0,120.0,113.0
HOUS,3.0,4.0,3.0,3.0
HOPE,13.0,14.0,12.0,11.0
HONE,13.0,13.0,13.0,12.0
HON,250.0,298.0,217.0,240.0
HOMB,32.0,35.0,31.0,29.0
HOLX,77.0,94.0,62.0,64.0
HOG,30.0,35.0,27.0,25.0
HNVR,22.0,22.0,22.0,23.0
HNST,7.0,9.0,7.0,5.0
HNRG,18.0,23.0,15.0,16.0
HNI,71.0,80.0,63.0,52.0
HNGE,46.0,52.0,41.0,46.0
HMY,8.0,8.0,8.0,14.0
HMST,14.0,15.0,13.0,13.0
HMN,46.0,49.0,45.0,42.0
HLX,12.0,15.0,10.0,6.0
HLVX,3.0,5.0,2.0,2.0
HLT,249.0,296.0,181.0,273.0
HLMN,11.0,16.0,8.0,7.0
HLLY,3.0,5.0,2.0,2.0
HLIT,12.0,14.0,10.0,9.0
HLIO,42.0,49.0,39.0,36.0
HLI,192.0,230.0,169.0,185.0
HLF,11.0,14.0,9.0,10.0
HL,6.0,11.0,5.0,6.0
HIW,31.0,35.0,29.0,31.0
HIVE,6.0,9.0,5.0,2.0
HIPO,31.0,35.0,26.0,28.0
HIMX,11.0,15.0,8.0,9.0
HIMS,39.0,68.0,26.0,47.0
HII,236.0,285.0,180.0,252.0
HIG,132.0,145.0,117.0,124.0
HI,32.0,40.0,24.0,22.0
HHH,80.0,85.0,76.0,69.0
HGV,46.0,70.0,34.0,44.0
HGTY,10.0,11.0,10.0,10.0
HG,23.0,27.0,20.0,21.0
HESM,43.0,45.0,41.0,38.0
HES,162.0,191.0,136.0,142.0
HEPS,3.0,3.0,3.0,2.0
HELE,62.0,78.0,38.0,33.0
HE,12.0,14.0,11.0,11.0
HDSN,7.0,9.0,6.0,8.0
HD,426.0,470.0,360.0,371.0
HCM,19.0,19.0,19.0,15.0
HCKT,31.0,32.0,30.0,25.0
HCI,181.0,225.0,145.0,146.0
HCC,63.0,76.0,50.0,50.0
HCAT,8.0,16.0,4.0,4.0
HCA,395.0,440.0,336.0,372.0
HBT,25.0,28.0,24.0,30.0
HBNC,17.0,18.0,17.0,16.0
HBM,14.0,14.0,14.0,10.0
HBI,5.0,8.0,4.0,4.0
HBCP,55.0,65.0,50.0,56.0
HBAN,18.0,21.0,16.0,17.0
HASI,38.0,44.0,31.0,27.0
HAS,81.0,95.0,75.0,77.0
HALO,61.0,75.0,47.0,54.0
HAL,33.0,45.0,21.0,21.0
HAIN,3.0,8.0,1.0,1.0
HAFN,6.0,6.0,6.0,5.0
HAFC,25.0,29.0,21.0,26.0
HAE,96.0,116.0,68.0,76.0
H,150.0,201.0,112.0,147.0
GXO,54.0,83.0,45.0,51.0
GWW,1.0,1.0,925.0,1.0
GWRE,248.0,290.0,160.0,230.0
GTY,32.0,34.0,29.0,27.0
GTX,14.0,14.0,14.0,11.0
GTM,12.0,15.0,9.0,10.0
GTLS,200.0,225.0,165.0,170.0
GTLB,63.0,85.0,45.0,46.0
GTES,23.0,26.0,21.0,24.0
GT,14.0,17.0,12.0,11.0
GSL,29.0,30.0,28.0,26.0
GSK,37.0,39.0,35.0,38.0
GSHD,115.0,150.0,43.0,104.0
GSBD,12.0,14.0,10.0,11.0
GSBC,59.0,61.0,58.0,62.0
GS,603.0,720.0,373.0,725.0
GRRR,18.0,18.0,18.0,21.0
GRPN,28.0,47.0,15.0,35.0
GROY,3.0,5.0,2.0,2.0
GRNT,7.0,8.0,7.0,6.0
GRND,24.0,27.0,17.0,22.0
GRMN,206.0,285.0,152.0,214.0
GRFS,10.0,10.0,10.0,9.0
GRBK,66.0,70.0,62.0,64.0
GRAB,5.0,8.0,4.0,4.0
GPRO,0.0,0.0,0.0,0.0
GPRK,11.0,11.0,11.0,7.0
GPRE,11.0,26.0,4.0,6.0
GPOR,229.0,255.0,215.0,185.0
GPN,110.0,194.0,75.0,81.0
GPMT,2.0,3.0,2.0,2.0
GPK,28.0,35.0,24.0,21.0
GPI,473.0,565.0,426.0,466.0
GPCR,76.0,118.0,50.0,20.0
GPC,130.0,155.0,114.0,127.0
GOTU,5.0,5.0,5.0,3.0
GOSS,7.0,10.0,4.0,1.0
GOOS,10.0,11.0,9.0,12.0
GOOGL,199.0,240.0,160.0,179.0
GOOG,206.0,235.0,171.0,180.0
GOOD,15.0,15.0,15.0,14.0
GOLF,71.0,80.0,64.0,76.0
GOGO,12.0,16.0,10.0,15.0
GOGL,10.0,12.0,8.0,7.0
GNW,9.0,9.0,9.0,7.0
GNTY,45.0,47.0,43.0,47.0
GNTX,28.0,35.0,21.0,23.0
GNRC,169.0,205.0,127.0,152.0
GNLX,17.0,30.0,8.0,2.0
GNL,8.0,9.0,8.0,7.0
GNK,18.0,22.0,17.0,13.0
GNFT,13.0,13.0,13.0,3.0
GMRE,10.0,12.0,9.0,7.0
GMGI,4.0,4.0,4.0,1.0
GMED,94.0,115.0,68.0,59.0
GME,13.0,13.0,13.0,23.0
GMAB,37.0,48.0,27.0,20.0
GM,53.0,105.0,34.0,52.0
GLXY,29.0,33.0,25.0,21.0
GLW,53.0,68.0,48.0,53.0
GLUE,15.0,19.0,10.0,5.0
GLSI,39.0,39.0,39.0,10.0
GLPI,54.0,61.0,48.0,48.0
GLPG,25.0,30.0,22.0,28.0
GLOB,174.0,255.0,97.0,92.0
GLDG,3.0,3.0,3.0,0.0
GLBE,48.0,64.0,31.0,33.0
GL,137.0,188.0,105.0,121.0
GKOS,134.0,182.0,72.0,103.0
GIS,59.0,82.0,49.0,53.0
GILT,8.0,8.0,8.0,7.0
GILD,110.0,140.0,90.0,111.0
GIII,27.0,38.0,18.0,23.0
GIB,156.0,192.0,122.0,106.0
GHRS,32.0,40.0,25.0,14.0
GHLD,16.0,20.0,12.0,19.0
GHI,15.0,17.0,13.0,11.0
GH,53.0,70.0,35.0,50.0
GGG,93.0,105.0,85.0,88.0
GGAL,61.0,92.0,36.0,50.0
GFS,47.0,60.0,35.0,39.0
GFL,54.0,58.0,42.0,48.0
GFI,19.0,23.0,16.0,24.0
GFF,98.0,105.0,91.0,77.0
GEVO,7.0,14.0,1.0,1.0
GEV,440.0,702.0,208.0,517.0
GETY,4.0,7.0,2.0,1.0
GES,12.0,13.0,12.0,13.0
GERN,5.0,9.0,1.0,1.0
GEO,38.0,50.0,32.0,26.0
GENK,10.0,12.0,8.0,3.0
GEN,30.0,35.0,25.0,30.0
GEHC,88.0,103.0,73.0,76.0
GEF,74.0,93.0,56.0,69.0
GE,223.0,275.0,200.0,246.0
GDYN,18.0,20.0,18.0,12.0
GDS,39.0,53.0,22.0,33.0
GDRX,6.0,10.0,5.0,4.0
GDOT,11.0,14.0,10.0,11.0
GDEV,70.0,70.0,70.0,16.0
GDEN,37.0,40.0,32.0,30.0
GDDY,214.0,240.0,170.0,177.0
GD,290.0,331.0,236.0,294.0
GCT,20.0,26.0,15.0,20.0
GCO,24.0,25.0,24.0,22.0
GCMG,13.0,17.0,10.0,11.0
GCI,5.0,6.0,5.0,3.0
GBX,59.0,62.0,57.0,56.0
GBTG,9.0,10.0,9.0,6.0
GBDC,15.0,17.0,14.0,14.0
GB,6.0,6.0,6.0,7.0
GAU,2.0,2.0,2.0,1.0
GATX,167.0,185.0,158.0,159.0
GAP,28.0,35.0,24.0,22.0
GAMB,17.0,20.0,14.0,11.0
GALT,6.0,6.0,6.0,2.0
GAIN,13.0,13.0,13.0,14.0
GABC,45.0,48.0,42.0,40.0
G,50.0,60.0,42.0,45.0
FXNC,24.0,28.0,21.0,20.0
FWONK,101.0,121.0,80.0,104.0
FWONA,101.0,115.0,83.0,93.0
FVRR,36.0,47.0,32.0,29.0
FVR,16.0,22.0,11.0,12.0
FUN,49.0,65.0,28.0,32.0
FULT,20.0,22.0,20.0,19.0
FULC,6.0,12.0,2.0,7.0
FUL,67.0,75.0,54.0,62.0
FUFU,6.0,7.0,5.0,3.0
FUBO,4.0,5.0,3.0,3.0
FTV,77.0,90.0,55.0,53.0
FTS,72.0,72.0,72.0,47.0
FTRE,15.0,25.0,5.0,5.0
FTNT,105.0,135.0,78.0,105.0
FTLF,20.0,21.0,20.0,14.0
FTK,14.0,19.0,8.0,14.0
FTI,36.0,45.0,31.0,34.0
FTDR,54.0,67.0,40.0,59.0
FTAI,171.0,300.0,123.0,114.0
FSV,208.0,225.0,192.0,178.0
FSUN,46.0,51.0,42.0,37.0
FSTR,25.0,25.0,25.0,24.0
FSS,108.0,120.0,96.0,115.0
FSM,7.0,7.0,7.0,6.0
FSLY,8.0,12.0,6.0,7.0
FSLR,228.0,326.0,100.0,185.0
FSK,19.0,21.0,18.0,21.0
FSFG,32.0,34.0,31.0,25.0
FSBW,44.0,44.0,44.0,42.0
FSBC,35.0,37.0,31.0,30.0
FRT,112.0,130.0,103.0,95.0
FRSH,20.0,27.0,12.0,15.0
FROG,42.0,50.0,32.0,42.0
FRO,20.0,30.0,12.0,17.0
FRGE,38.0,60.0,18.0,18.0
FRBA,17.0,17.0,17.0,16.0
FOXF,36.0,45.0,25.0,28.0
FOXA,53.0,65.0,38.0,56.0
FORM,42.0,52.0,32.0,36.0
FOR,30.0,32.0,29.0,21.0
FOLD,16.0,22.0,9.0,6.0
FOA,26.0,30.0,22.0,23.0
FNWD,32.0,34.0,31.0,28.0
FNV,172.0,210.0,136.0,165.0
FNKO,9.0,15.0,5.0,4.0
FNF,71.0,77.0,67.0,57.0
FND,93.0,120.0,70.0,82.0
FNB,17.0,19.0,16.0,15.0
FN,247.0,290.0,176.0,291.0
FMX,106.0,112.0,97.0,105.0
FMS,27.0,30.0,25.0,28.0
FMNB,15.0,16.0,15.0,14.0
FMC,50.0,61.0,41.0,44.0
FMBH,43.0,47.0,40.0,39.0
FMAO,26.0,26.0,26.0,28.0
FLYW,15.0,26.0,9.0,11.0
FLX,4.0,4.0,4.0,3.0
FLWS,7.0,7.0,7.0,5.0
FLUT,305.0,350.0,247.0,277.0
FLS,63.0,75.0,53.0,55.0
FLR,48.0,60.0,40.0,52.0
FLOC,32.0,33.0,32.0,18.0
FLO,19.0,21.0,16.0,16.0
FLNG,23.0,23.0,23.0,22.0
FLL,5.0,8.0,4.0,4.0
FLGT,24.0,25.0,23.0,20.0
FLG,13.0,15.0,11.0,11.0
FLEX,48.0,60.0,40.0,51.0
FLD,8.0,10.0,7.0,4.0
FL,21.0,28.0,12.0,24.0
FIZZ,41.0,41.0,41.0,46.0
FIX,558.0,630.0,512.0,540.0
FIVN,43.0,67.0,23.0,27.0
FIVE,113.0,160.0,25.0,132.0
FITB,47.0,53.0,42.0,43.0
FISI,33.0,34.0,32.0,27.0
FIS,90.0,113.0,73.0,81.0
FIP,12.0,12.0,12.0,6.0
FINW,20.0,22.0,18.0,15.0
FINV,11.0,12.0,11.0,9.0
FIHL,20.0,27.0,16.0,16.0
FIGS,4.0,5.0,3.0,5.0
FIBK,34.0,42.0,25.0,31.0
FI,221.0,278.0,145.0,175.0
FHTX,12.0,20.0,9.0,5.0
FHN,22.0,25.0,17.0,21.0
FHI,42.0,46.0,40.0,45.0
FHB,27.0,30.0,22.0,26.0
FG,44.0,47.0,40.0,32.0
FFIV,282.0,320.0,260.0,300.0
FFIN,38.0,40.0,36.0,37.0
FFIC,16.0,17.0,15.0,12.0
FFBC,28.0,32.0,27.0,25.0
FENC,13.0,13.0,13.0,8.0
FELE,94.0,94.0,94.0,92.0
FE,46.0,50.0,43.0,39.0
FDUS,21.0,22.0,20.0,20.0
FDS,444.0,503.0,380.0,447.0
FDMT,29.0,44.0,6.0,4.0
FCX,48.0,58.0,39.0,45.0
FCPT,29.0,30.0,28.0,27.0
FCNCA,2.0,2.0,2.0,2.0
FCN,175.0,178.0,173.0,164.0
FCF,18.0,21.0,16.0,17.0
FCEL,9.0,13.0,5.0,5.0
FCCO,29.0,30.0,29.0,25.0
FC,35.0,35.0,35.0,21.0
FBRX,61.0,61.0,61.0,13.0
FBRT,15.0,16.0,14.0,10.0
FBP,22.0,26.0,21.0,21.0
FBNC,49.0,50.0,48.0,47.0
FBK,56.0,59.0,52.0,47.0
FBIZ,57.0,62.0,50.0,54.0
FBIN,77.0,111.0,54.0,53.0
FATE,3.0,5.0,2.0,1.0
FAST,48.0,86.0,35.0,42.0
FARO,35.0,38.0,33.0,43.0
FANG,193.0,242.0,161.0,140.0
FA,66.0,249.0,18.0,17.0
F,10.0,15.0,7.0,11.0
EZPW,18.0,24.0,16.0,14.0
EYPT,25.0,33.0,15.0,9.0
EYE,18.0,26.0,13.0,23.0
EXTR,18.0,22.0,15.0,18.0
EXR,159.0,204.0,55.0,152.0
EXPO,120.0,120.0,120.0,77.0
EXPE,186.0,235.0,135.0,176.0
EXPD,114.0,124.0,105.0,118.0
EXP,254.0,310.0,230.0,214.0
EXOD,59.0,70.0,40.0,32.0
EXFY,4.0,5.0,2.0,2.0
EXEL,43.0,60.0,29.0,45.0
EXE,128.0,154.0,112.0,107.0
EXC,47.0,51.0,39.0,43.0
EXAS,70.0,90.0,54.0,52.0
EWTX,40.0,51.0,14.0,12.0
EWCZ,7.0,15.0,4.0,5.0
EWBC,108.0,128.0,90.0,108.0
EW,80.0,95.0,60.0,76.0
EVTL,11.0,15.0,2.0,6.0
EVTC,40.0,44.0,35.0,37.0
EVRG,73.0,79.0,67.0,70.0
EVR,250.0,312.0,194.0,287.0
EVO,5.0,8.0,3.0,4.0
EVLV,6.0,7.0,5.0,5.0
EVI,28.0,28.0,28.0,24.0
EVH,17.0,35.0,12.0,11.0
EVGO,6.0,8.0,4.0,3.0
EVEX,6.0,8.0,5.0,7.0
EVER,32.0,38.0,29.0,24.0
EVCM,11.0,15.0,8.0,10.0
EU,2.0,2.0,2.0,2.0
ETWO,2.0,3.0,2.0,3.0
ETSY,49.0,72.0,31.0,54.0
ETR,86.0,98.0,70.0,82.0
ETOR,75.0,85.0,65.0,62.0
ETON,29.0,35.0,26.0,14.0
ETD,32.0,32.0,32.0,30.0
ET,22.0,26.0,20.0,17.0
ESTC,113.0,150.0,75.0,87.0
ESS,310.0,355.0,268.0,284.0
ESRT,10.0,13.0,8.0,8.0
ESQ,92.0,94.0,91.0,99.0
ESPR,7.0,16.0,3.0,1.0
ESOA,21.0,21.0,21.0,10.0
ESNT,63.0,69.0,58.0,61.0
ESI,25.0,30.0,24.0,24.0
ESEA,61.0,62.0,60.0,47.0
ESE,187.0,200.0,175.0,196.0
ESAB,137.0,160.0,120.0,125.0
ES,65.0,75.0,47.0,64.0
ERO,26.0,32.0,19.0,16.0
ERJ,50.0,60.0,39.0,61.0
ERII,18.0,22.0,12.0,13.0
ERAS,4.0,6.0,3.0,1.0
EQT,58.0,73.0,40.0,55.0
EQR,79.0,85.0,71.0,66.0
EQNR,22.0,26.0,19.0,25.0
EQIX,960.0,1.0,837.0,787.0
EQH,62.0,75.0,53.0,55.0
EQBK,46.0,57.0,39.0,43.0
EPSN,7.0,8.0,7.0,7.0
EPR,56.0,65.0,51.0,59.0
EPM,6.0,6.0,5.0,5.0
EPD,36.0,40.0,35.0,31.0
EPC,33.0,40.0,25.0,24.0
EPAM,233.0,295.0,194.0,182.0
EPAC,53.0,53.0,53.0,38.0
EOSE,6.0,8.0,5.0,5.0
EOG,139.0,158.0,124.0,124.0
ENVX,17.0,36.0,7.0,11.0
ENVA,111.0,138.0,17.0,115.0
ENTG,113.0,135.0,85.0,86.0
ENTA,18.0,24.0,10.0,7.0
ENSG,163.0,175.0,155.0,150.0
ENS,117.0,120.0,115.0,90.0
ENR,31.0,40.0,26.0,21.0
ENPH,65.0,140.0,28.0,42.0
ENOV,58.0,70.0,50.0,33.0
ENLT,20.0,22.0,18.0,25.0
ENIC,3.0,3.0,3.0,3.0
ENGN,23.0,34.0,7.0,3.0
ENB,67.0,67.0,67.0,44.0
EMX,5.0,5.0,5.0,2.0
EMR,138.0,160.0,112.0,137.0
EMN,98.0,115.0,76.0,80.0
EMBC,19.0,25.0,13.0,10.0
EM,1.0,1.0,1.0,1.0
ELVN,41.0,52.0,27.0,20.0
ELVA,6.0,10.0,4.0,3.0
ELV,498.0,555.0,440.0,348.0
ELS,73.0,82.0,68.0,62.0
ELME,18.0,19.0,18.0,16.0
ELMD,38.0,38.0,38.0,20.0
ELF,118.0,150.0,75.0,130.0
ELDN,9.0,9.0,9.0,3.0
ELAN,15.0,19.0,12.0,14.0
ELA,9.0,9.0,9.0,6.0
EL,74.0,100.0,55.0,88.0
EIG,58.0,58.0,58.0,47.0
EIC,17.0,17.0,17.0,13.0
EHTH,6.0,11.0,2.0,4.0
EHC,127.0,135.0,100.0,119.0
EHAB,8.0,9.0,8.0,7.0
EH,25.0,30.0,20.0,17.0
EGP,188.0,209.0,172.0,169.0
EGHT,2.0,3.0,1.0,2.0
EGBN,21.0,24.0,20.0,20.0
EGAN,8.0,10.0,7.0,6.0
EG,400.0,485.0,350.0,337.0
EFXT,10.0,12.0,9.0,8.0
EFSI,40.0,40.0,40.0,33.0
EFSC,64.0,66.0,62.0,57.0
EFC,14.0,16.0,14.0,13.0
EEX,7.0,8.0,7.0,5.0
EEFT,126.0,145.0,110.0,106.0
EE,32.0,39.0,22.0,28.0
EDU,52.0,62.0,44.0,51.0
EDIT,4.0,12.0,1.0,2.0
ED,105.0,120.0,90.0,100.0
ECX,3.0,3.0,3.0,2.0
ECVT,10.0,12.0,9.0,8.0
ECO,40.0,40.0,40.0,23.0
ECL,286.0,325.0,255.0,274.0
ECG,73.0,80.0,68.0,65.0
ECC,8.0,11.0,7.0,7.0
EC,11.0,14.0,9.0,9.0
EBS,14.0,16.0,12.0,6.0
EBMT,13.0,13.0,13.0,17.0
EBC,19.0,20.0,18.0,16.0
EBAY,67.0,79.0,52.0,76.0
EB,4.0,7.0,3.0,2.0
EAT,144.0,215.0,82.0,182.0
EARN,6.0,6.0,5.0,5.0
EAF,1.0,2.0,0.0,1.0
EA,162.0,210.0,125.0,155.0
E,31.0,31.0,31.0,31.0
DYN,41.0,66.0,13.0,9.0
DY,241.0,265.0,183.0,250.0
DXPE,95.0,95.0,95.0,91.0
DXCM,98.0,120.0,82.0,82.0
DXC,17.0,18.0,16.0,16.0
DX,12.0,12.0,12.0,12.0
DVN,43.0,53.0,35.0,33.0
DVAX,24.0,31.0,10.0,10.0
DVA,164.0,184.0,145.0,142.0
DV,18.0,26.0,13.0,15.0
DUOL,443.0,580.0,275.0,395.0
DTM,109.0,115.0,94.0,105.0
DTI,5.0,5.0,5.0,2.0
DTE,140.0,154.0,131.0,130.0
DT,62.0,70.0,44.0,56.0
DSP,21.0,27.0,18.0,13.0
DSGX,123.0,140.0,108.0,103.0
DSGR,40.0,42.0,39.0,29.0
DSGN,4.0,4.0,4.0,3.0
DRVN,21.0,25.0,16.0,18.0
DRUG,83.0,93.0,75.0,28.0
DRTS,8.0,9.0,7.0,3.0
DRS,44.0,49.0,40.0,46.0
DRI,224.0,255.0,150.0,220.0
DRH,8.0,10.0,7.0,8.0
DRD,16.0,16.0,16.0,13.0
DQ,21.0,34.0,14.0,18.0
DPZ,487.0,564.0,340.0,456.0
DOYU,7.0,7.0,7.0,7.0
DOX,105.0,111.0,100.0,92.0
DOW,33.0,56.0,28.0,28.0
DOV,206.0,227.0,176.0,187.0
DORM,143.0,153.0,134.0,128.0
DOOO,43.0,51.0,35.0,52.0
DOMO,12.0,20.0,8.0,14.0
DOCU,89.0,124.0,70.0,78.0
DOCS,63.0,90.0,45.0,61.0
DOC,23.0,28.0,20.0,18.0
DNUT,10.0,16.0,3.0,3.0
DNTH,53.0,84.0,36.0,19.0
DNOW,18.0,19.0,18.0,14.0
DNN,3.0,3.0,2.0,1.0
DNLI,33.0,45.0,24.0,14.0
DNA,5.0,10.0,0.0,12.0
DMRC,30.0,30.0,30.0,13.0
DMAC,8.0,10.0,6.0,3.0
DLTR,90.0,111.0,70.0,101.0
DLR,187.0,220.0,128.0,172.0
DLO,12.0,18.0,8.0,11.0
DLB,102.0,112.0,95.0,75.0
DKS,219.0,280.0,170.0,206.0
DKL,44.0,50.0,36.0,43.0
DIS,125.0,147.0,95.0,123.0
DIOD,55.0,62.0,50.0,57.0
DHX,5.0,7.0,3.0,2.0
DHT,12.0,16.0,9.0,11.0
DHI,151.0,204.0,105.0,132.0
DH,5.0,7.0,3.0,4.0
DGX,185.0,200.0,170.0,178.0
DGII,35.0,45.0,30.0,35.0
DGICA,18.0,18.0,18.0,19.0
DG,109.0,170.0,80.0,114.0
DFIN,71.0,72.0,70.0,63.0
DFH,29.0,32.0,26.0,26.0
DERM,9.0,10.0,9.0,7.0
DENN,7.0,10.0,6.0,4.0
DELL,138.0,155.0,120.0,125.0
DEI,18.0,21.0,16.0,15.0
DEFT,6.0,7.0,5.0,3.0
DEC,20.0,27.0,16.0,14.0
DEA,27.0,32.0,22.0,22.0
DE,515.0,619.0,389.0,517.0
DDOG,143.0,200.0,115.0,155.0
DDI,19.0,22.0,16.0,9.0
DDD,3.0,5.0,2.0,1.0
DD,86.0,112.0,73.0,73.0
DCTH,24.0,29.0,21.0,12.0
DCO,92.0,95.0,87.0,84.0
DCI,70.0,78.0,63.0,71.0
DCGO,3.0,5.0,1.0,1.0
DCBO,44.0,62.0,32.0,29.0
DC,9.0,12.0,7.0,3.0
DBX,31.0,32.0,30.0,27.0
DBVT,14.0,21.0,7.0,11.0
DBRG,15.0,20.0,10.0,10.0
DBI,3.0,4.0,3.0,3.0
DAY,70.0,95.0,50.0,57.0
DAWN,30.0,40.0,25.0,6.0
DAVE,227.0,320.0,177.0,282.0
DAVA,26.0,42.0,17.0,15.0
DASH,219.0,280.0,170.0,238.0
DAR,46.0,59.0,34.0,39.0
DAN,20.0,25.0,16.0,17.0
DAL,61.0,80.0,46.0,50.0
DAKT,26.0,26.0,26.0,16.0
DAC,105.0,105.0,105.0,87.0
D,58.0,61.0,52.0,56.0
CZR,43.0,50.0,28.0,29.0
CYTK,70.0,120.0,41.0,33.0
CYRX,11.0,15.0,7.0,7.0
CYH,4.0,6.0,3.0,3.0
CYBR,416.0,500.0,325.0,398.0
CYBN,86.0,150.0,35.0,7.0
CXW,35.0,38.0,32.0,21.0
CXT,73.0,85.0,60.0,56.0
CXM,10.0,17.0,7.0,8.0
CXDO,8.0,10.0,7.0,6.0
CX,7.0,9.0,5.0,7.0
CWT,58.0,59.0,57.0,45.0
CWST,122.0,135.0,107.0,114.0
CWK,13.0,16.0,11.0,11.0
CWEN,35.0,38.0,34.0,32.0
CWBC,20.0,24.0,19.0,21.0
CWAN,31.0,38.0,26.0,22.0
CVX,160.0,186.0,124.0,148.0
CVS,75.0,84.0,62.0,67.0
CVRX,14.0,22.0,7.0,6.0
CVNA,293.0,440.0,148.0,348.0
CVLT,182.0,200.0,147.0,174.0
CVLG,33.0,36.0,30.0,25.0
CVI,23.0,30.0,16.0,29.0
CVGW,35.0,35.0,35.0,27.0
CVE,25.0,34.0,16.0,14.0
CVCO,522.0,550.0,495.0,457.0
CVBF,23.0,27.0,20.0,20.0
CVAC,6.0,10.0,5.0,5.0
CUZ,32.0,35.0,30.0,30.0
CURV,4.0,6.0,4.0,2.0
CURI,5.0,6.0,4.0,4.0
CURB,25.0,31.0,22.0,22.0
CUBI,64.0,82.0,49.0,65.0
CUBE,47.0,54.0,43.0,43.0
CTVA,72.0,82.0,55.0,77.0
CTSH,85.0,98.0,75.0,78.0
CTRN,32.0,36.0,29.0,32.0
CTOS,5.0,6.0,5.0,5.0
CTOR,3.0,3.0,3.0,5.0
CTNM,22.0,31.0,16.0,3.0
CTMX,5.0,6.0,5.0,2.0
CTM,3.0,3.0,3.0,1.0
CTLP,12.0,14.0,11.0,11.0
CTKB,5.0,8.0,3.0,3.0
CTGO,33.0,37.0,29.0,19.0
CTBI,57.0,58.0,56.0,56.0
CTAS,219.0,257.0,161.0,218.0
CSX,34.0,38.0,28.0,33.0
CSWC,23.0,25.0,20.0,22.0
CSV,50.0,51.0,50.0,46.0
CSTM,19.0,24.0,15.0,14.0
CSTL,37.0,41.0,30.0,20.0
CSR,71.0,79.0,67.0,61.0
CSL,461.0,500.0,390.0,397.0
CSIQ,14.0,27.0,8.0,12.0
CSGS,70.0,80.0,58.0,66.0
CSGP,87.0,105.0,65.0,82.0
CSCO,69.0,78.0,53.0,69.0
CSAN,19.0,19.0,19.0,5.0
CRWV,65.0,130.0,36.0,165.0
CRWD,453.0,550.0,275.0,513.0
CRVS,15.0,21.0,11.0,3.0
CRUS,128.0,165.0,90.0,110.0
CRTO,46.0,66.0,27.0,24.0
CRSR,10.0,13.0,8.0,9.0
CRSP,71.0,120.0,32.0,52.0
CRS,278.0,305.0,230.0,279.0
CROX,135.0,170.0,88.0,107.0
CRNX,71.0,90.0,54.0,29.0
CRNT,6.0,10.0,4.0,2.0
CRNC,9.0,16.0,6.0,10.0
CRMT,50.0,50.0,50.0,61.0
CRMD,17.0,20.0,13.0,11.0
CRM,349.0,450.0,200.0,271.0
CRL,171.0,210.0,140.0,157.0
CRK,19.0,34.0,9.0,24.0
CRI,36.0,54.0,25.0,31.0
CRH,114.0,120.0,104.0,95.0
CRGY,16.0,21.0,12.0,9.0
CRGX,15.0,33.0,3.0,4.0
CRGO,3.0,3.0,3.0,2.0
CRDO,82.0,98.0,45.0,93.0
CRDL,8.0,9.0,7.0,1.0
CRDF,9.0,18.0,3.0,3.0
CRCL,189.0,250.0,80.0,188.0
CRC,61.0,75.0,44.0,47.0
CRBU,8.0,14.0,3.0,1.0
CRAI,228.0,228.0,228.0,196.0
CR,197.0,226.0,150.0,193.0
CQP,55.0,61.0,51.0,55.0
CPT,129.0,147.0,115.0,114.0
CPS,12.0,12.0,12.0,24.0
CPRX,32.0,36.0,30.0,21.0
CPRT,55.0,56.0,55.0,49.0
CPRI,22.0,31.0,13.0,18.0
CPNG,30.0,36.0,27.0,30.0
CPK,126.0,129.0,124.0,123.0
CPB,40.0,59.0,32.0,31.0
CPAY,401.0,445.0,339.0,339.0
CPA,153.0,180.0,130.0,111.0
CP,90.0,121.0,79.0,81.0
COUR,9.0,12.0,7.0,8.0
COTY,7.0,12.0,4.0,5.0
COST,1.0,1.0,890.0,986.0
CORZ,18.0,24.0,15.0,18.0
CORT,138.0,145.0,131.0,72.0
COR,306.0,355.0,275.0,296.0
COP,121.0,165.0,95.0,94.0
COOP,133.0,158.0,110.0,150.0
COOK,2.0,3.0,2.0,1.0
COO,99.0,115.0,76.0,73.0
CON,28.0,32.0,25.0,20.0
COMP,9.0,12.0,8.0,6.0
COMM,4.0,7.0,2.0,8.0
COLM,70.0,84.0,51.0,63.0
COLL,43.0,50.0,37.0,30.0
COLD,24.0,34.0,18.0,16.0
COLB,29.0,35.0,24.0,25.0
COIN,291.0,510.0,185.0,355.0
COHU,28.0,36.0,22.0,20.0
COHR,103.0,135.0,80.0,90.0
COFS,37.0,39.0,35.0,30.0
COF,215.0,253.0,176.0,220.0
COCO,35.0,43.0,28.0,37.0
CNXC,66.0,80.0,54.0,56.0
CNX,31.0,48.0,25.0,32.0
CNTA,27.0,38.0,6.0,14.0
CNS,82.0,102.0,67.0,78.0
CNR,120.0,150.0,78.0,72.0
CNQ,63.0,63.0,63.0,32.0
CNP,36.0,42.0,29.0,35.0
CNOB,28.0,31.0,25.0,25.0
CNO,41.0,49.0,29.0,38.0
CNNE,22.0,22.0,22.0,21.0
CNMD,62.0,80.0,55.0,54.0
CNM,59.0,68.0,34.0,62.0
CNK,33.0,36.0,20.0,30.0
CNI,120.0,163.0,101.0,106.0
CNH,15.0,18.0,11.0,13.0
CNCK,10.0,10.0,10.0,6.0
CNC,68.0,89.0,45.0,33.0
CNA,50.0,53.0,48.0,45.0
CMTG,3.0,6.0,2.0,3.0
CMT,22.0,22.0,22.0,17.0
CMS,77.0,83.0,69.0,70.0
CMRE,13.0,14.0,13.0,9.0
CMPS,17.0,45.0,6.0,3.0
CMPR,62.0,65.0,60.0,49.0
CMPO,16.0,23.0,10.0,14.0
CMP,19.0,22.0,15.0,22.0
CMI,358.0,435.0,240.0,331.0
CMG,60.0,73.0,47.0,57.0
CME,259.0,305.0,198.0,274.0
CMCSA,40.0,58.0,30.0,35.0
CMCO,35.0,35.0,35.0,16.0
CMCL,21.0,21.0,21.0,21.0
CMC,57.0,75.0,49.0,52.0
CMA,62.0,80.0,47.0,63.0
CM,109.0,116.0,102.0,72.0
CLX,149.0,170.0,129.0,124.0
CLW,37.0,37.0,37.0,30.0
CLVT,5.0,6.0,4.0,4.0
CLSK,20.0,27.0,14.0,12.0
CLS,116.0,150.0,70.0,160.0
CLPT,25.0,30.0,20.0,11.0
CLOV,4.0,6.0,4.0,2.0
CLNE,3.0,5.0,2.0,2.0
CLMB,136.0,136.0,136.0,110.0
CLLS,4.0,4.0,4.0,1.0
CLFD,46.0,50.0,45.0,44.0
CLF,10.0,17.0,3.0,8.0
CLDX,50.0,70.0,31.0,21.0
CLDT,10.0,12.0,9.0,7.0
CLBT,22.0,26.0,17.0,15.0
CLBK,16.0,16.0,16.0,15.0
CLB,15.0,17.0,13.0,12.0
CLAR,5.0,7.0,3.0,3.0
CIVI,51.0,90.0,30.0,29.0
CIVB,25.0,28.0,22.0,25.0
CION,11.0,13.0,9.0,9.0
CINT,8.0,10.0,7.0,6.0
CINF,150.0,168.0,126.0,148.0
CIM,15.0,16.0,15.0,14.0
CIGI,160.0,175.0,142.0,133.0
CIFR,7.0,9.0,5.0,6.0
CIEN,84.0,100.0,67.0,81.0
CIB,39.0,53.0,34.0,46.0
CI,380.0,438.0,323.0,319.0
CHYM,33.0,33.0,33.0,31.0
CHX,37.0,40.0,33.0,26.0
CHWY,43.0,52.0,27.0,41.0
CHTR,421.0,525.0,290.0,416.0
CHRW,113.0,129.0,90.0,97.0
CHRD,150.0,186.0,112.0,104.0
CHPT,1.0,3.0,0.0,0.0
CHMG,52.0,55.0,50.0,50.0
CHKP,232.0,265.0,185.0,223.0
CHH,131.0,165.0,111.0,131.0
CHGG,1.0,3.0,1.0,1.0
CHEF,67.0,73.0,60.0,63.0
CHE,645.0,650.0,640.0,472.0
CHDN,139.0,158.0,116.0,105.0
CHD,108.0,126.0,84.0,98.0
CHCT,21.0,25.0,18.0,17.0
CHCO,127.0,130.0,125.0,128.0
CHA,40.0,43.0,37.0,27.0
CGON,58.0,75.0,23.0,26.0
CGEN,4.0,4.0,4.0,1.0
CGEM,30.0,36.0,22.0,7.0
CGC,2.0,2.0,2.0,1.0
CGBD,14.0,17.0,13.0,13.0
CGAU,12.0,13.0,11.0,7.0
CG,53.0,85.0,39.0,55.0
CFR,132.0,149.0,105.0,136.0
CFLT,30.0,41.0,22.0,26.0
CFG,48.0,57.0,43.0,47.0
CFBK,29.0,29.0,29.0,24.0
CF,91.0,115.0,75.0,93.0
CEVA,35.0,40.0,30.0,23.0
CERS,3.0,4.0,3.0,1.0
CEPU,12.0,12.0,12.0,11.0
CENX,24.0,27.0,22.0,19.0
CENTA,33.0,35.0,31.0,32.0
CENT,40.0,45.0,35.0,36.0
CELH,45.0,58.0,26.0,46.0
CELC,28.0,30.0,27.0,13.0
CEG,299.0,380.0,223.0,311.0
CECO,36.0,40.0,33.0,29.0
CE,63.0,82.0,45.0,60.0
CDXS,11.0,11.0,11.0,2.0
CDW,208.0,260.0,175.0,182.0
CDTX,57.0,75.0,45.0,47.0
CDRO,10.0,10.0,10.0,8.0
CDRE,37.0,38.0,37.0,32.0
CDP,33.0,38.0,30.0,28.0
CDNS,325.0,375.0,200.0,328.0
CDNA,30.0,40.0,24.0,19.0
CCU,9.0,10.0,9.0,13.0
CCSI,27.0,32.0,20.0,23.0
CCS,85.0,97.0,70.0,59.0
CCRN,17.0,18.0,16.0,12.0
CCRD,21.0,21.0,21.0,28.0
CCOI,75.0,90.0,62.0,50.0
CCO,2.0,2.0,1.0,1.0
CCNE,25.0,26.0,25.0,24.0
CCL,28.0,35.0,22.0,29.0
CCK,113.0,129.0,97.0,107.0
CCJ,80.0,100.0,70.0,73.0
CCEP,89.0,105.0,81.0,96.0
CCEC,24.0,26.0,22.0,23.0
CCCS,12.0,15.0,9.0,9.0
CCCC,12.0,20.0,4.0,1.0
CCB,105.0,110.0,100.0,102.0
CCAP,17.0,20.0,15.0,14.0
CBZ,86.0,86.0,86.0,73.0
CBT,92.0,110.0,83.0,78.0
CBSH,65.0,71.0,60.0,64.0
CBRL,53.0,65.0,42.0,67.0
CBRE,152.0,176.0,131.0,142.0
CBNK,34.0,35.0,34.0,35.0
CBNA,29.0,34.0,26.0,26.0
CBLL,32.0,36.0,30.0,18.0
CBFV,26.0,27.0,25.0,29.0
CB,307.0,335.0,278.0,281.0
CAVA,117.0,150.0,90.0,86.0
CATX,12.0,20.0,5.0,3.0
CASY,453.0,550.0,337.0,516.0
CASH,92.0,94.0,90.0,82.0
CART,51.0,61.0,37.0,47.0
CARS,18.0,26.0,12.0,12.0
CARR,83.0,96.0,72.0,75.0
CARG,37.0,42.0,33.0,33.0
CARE,21.0,22.0,21.0,18.0
CAR,117.0,155.0,87.0,181.0
CAPR,32.0,77.0,20.0,10.0
CAMT,89.0,105.0,80.0,92.0
CALX,48.0,56.0,38.0,53.0
CALM,83.0,100.0,52.0,102.0
CAL,14.0,14.0,14.0,14.0
CAKE,54.0,65.0,40.0,65.0
CAH,157.0,181.0,124.0,164.0
CAG,24.0,31.0,20.0,21.0
CAE,33.0,38.0,28.0,29.0
CADL,22.0,25.0,15.0,5.0
CADE,37.0,42.0,33.0,34.0
CACI,520.0,640.0,373.0,489.0
CACC,440.0,500.0,380.0,527.0
CAC,47.0,53.0,42.0,43.0
CABO,309.0,650.0,125.0,137.0
CABA,14.0,25.0,3.0,1.0
CAAP,23.0,24.0,20.0,20.0
BZUN,3.0,4.0,2.0,2.0
BZH,32.0,41.0,23.0,23.0
BZAI,5.0,10.0,3.0,2.0
BZ,18.0,22.0,16.0,17.0
BYRN,36.0,39.0,33.0,33.0
BYON,9.0,16.0,5.0,7.0
BYND,4.0,5.0,2.0,3.0
BYD,80.0,92.0,72.0,81.0
BY,33.0,34.0,32.0,28.0
BXSL,31.0,35.0,27.0,31.0
BXP,79.0,88.0,68.0,68.0
BXMT,20.0,23.0,18.0,19.0
BXC,110.0,135.0,80.0,84.0
BX,156.0,207.0,134.0,155.0
BWXT,135.0,177.0,105.0,146.0
BWMN,34.0,43.0,29.0,29.0
BWIN,44.0,50.0,34.0,40.0
BWFG,40.0,42.0,38.0,37.0
BWB,18.0,19.0,18.0,17.0
BWA,37.0,49.0,31.0,35.0
BVS,14.0,15.0,13.0,7.0
BVN,16.0,18.0,15.0,16.0
BV,17.0,22.0,12.0,15.0
BUSE,27.0,33.0,25.0,24.0
BUD,71.0,88.0,55.0,68.0
BTU,23.0,26.0,19.0,14.0
BTSG,24.0,37.0,18.0,22.0
BTM,4.0,5.0,4.0,5.0
BTI,33.0,33.0,33.0,48.0
BTG,4.0,5.0,3.0,3.0
BTDR,20.0,26.0,13.0,13.0
BTBT,6.0,7.0,6.0,3.0
BSY,52.0,59.0,42.0,56.0
BSRR,33.0,36.0,31.0,32.0
BSM,14.0,14.0,14.0,13.0
BSGM,10.0,10.0,10.0,10.0
BSBR,5.0,6.0,4.0,5.0
BSAC,23.0,24.0,21.0,25.0
BRX,30.0,33.0,26.0,26.0
BRT,21.0,21.0,21.0,16.0
BRSP,7.0,9.0,6.0,5.0
BROS,75.0,90.0,53.0,67.0
BRO,118.0,130.0,102.0,107.0
BRLT,1.0,2.0,1.0,1.0
BRKR,52.0,72.0,40.0,42.0
BRKL,15.0,16.0,14.0,11.0
BRK.B,520.0,575.0,465.0,484.0
BRFS,13.0,24.0,3.0,3.0
BRCC,2.0,4.0,2.0,1.0
BRBR,76.0,86.0,60.0,57.0
BRAG,8.0,11.0,6.0,4.0
BR,250.0,300.0,215.0,242.0
BPRN,37.0,40.0,35.0,32.0
BPOP,116.0,126.0,100.0,114.0
BPMC,128.0,135.0,105.0,128.0
BP,34.0,50.0,26.0,30.0
BOX,38.0,45.0,24.0,33.0
BOW,39.0,45.0,35.0,35.0
BORR,9.0,9.0,9.0,2.0
BOOT,173.0,210.0,100.0,164.0
BOOM,16.0,24.0,8.0,8.0
BOKF,110.0,125.0,100.0,102.0
BOH,77.0,90.0,67.0,71.0
BOC,20.0,25.0,15.0,14.0
BNTX,137.0,171.0,110.0,109.0
BNTC,23.0,35.0,13.0,13.0
BNS,81.0,81.0,81.0,55.0
BNL,18.0,21.0,16.0,16.0
BN,66.0,81.0,46.0,64.0
BMY,58.0,73.0,39.0,47.0
BMRC,25.0,27.0,24.0,25.0
BMO,129.0,163.0,112.0,113.0
BMI,236.0,252.0,216.0,242.0
BMBL,6.0,14.0,4.0,6.0
BMA,62.0,89.0,12.0,69.0
BLND,4.0,7.0,3.0,3.0
BLMN,13.0,22.0,8.0,10.0
BLKB,78.0,95.0,65.0,65.0
BLK,1.0,1.0,988.0,1.0
BLFY,11.0,12.0,10.0,9.0
BLFS,31.0,33.0,30.0,23.0
BLDR,163.0,225.0,118.0,126.0
BLDP,2.0,10.0,1.0,1.0
BLDE,6.0,6.0,6.0,4.0
BLD,380.0,515.0,310.0,347.0
BLCO,15.0,19.0,12.0,13.0
BLBD,56.0,71.0,48.0,45.0
BKU,40.0,49.0,34.0,38.0
BKTI,55.0,55.0,55.0,50.0
BKSY,21.0,32.0,10.0,21.0
BKR,48.0,57.0,40.0,39.0
BKH,66.0,68.0,64.0,56.0
BKE,41.0,41.0,41.0,47.0
BKD,7.0,9.0,6.0,6.0
BK,92.0,104.0,77.0,91.0
BJRI,37.0,48.0,33.0,46.0
BJ,116.0,140.0,87.0,108.0
BITF,4.0,6.0,3.0,1.0
BIRK,69.0,76.0,60.0,49.0
BIP,41.0,53.0,31.0,33.0
BIOX,8.0,13.0,6.0,4.0
BIO,324.0,392.0,245.0,251.0
BILL,62.0,100.0,40.0,48.0
BILI,21.0,30.0,13.0,20.0
BIGC,7.0,10.0,6.0,5.0
BIDU,107.0,139.0,84.0,86.0
BHVN,58.0,76.0,21.0,14.0
BHST,13.0,15.0,12.0,6.0
BHRB,73.0,76.0,70.0,63.0
BHP,53.0,53.0,53.0,50.0
BHLB,31.0,34.0,28.0,27.0
BHE,47.0,48.0,46.0,40.0
BHC,7.0,10.0,3.0,6.0
BGS,7.0,10.0,5.0,4.0
BGC,14.0,15.0,14.0,10.0
BG,81.0,87.0,74.0,78.0
BFST,31.0,33.0,28.0,26.0
BFLY,3.0,4.0,3.0,2.0
BFC,120.0,130.0,111.0,123.0
BFAM,138.0,160.0,106.0,120.0
BF.B,41.0,53.0,28.0,28.0
BEP,29.0,31.0,27.0,26.0
BEN,21.0,29.0,17.0,24.0
BELFB,106.0,125.0,88.0,100.0
BELFA,115.0,115.0,115.0,93.0
BEKE,27.0,33.0,23.0,17.0
BEEP,5.0,7.0,5.0,4.0
BEAM,48.0,80.0,25.0,20.0
BE,22.0,33.0,10.0,24.0
BDX,219.0,290.0,185.0,176.0
BDTX,12.0,15.0,11.0,2.0
BDN,5.0,5.0,5.0,4.0
BDC,128.0,145.0,110.0,121.0
BCYC,25.0,48.0,14.0,7.0
BCSF,16.0,17.0,16.0,15.0
BCRX,16.0,30.0,11.0,8.0
BCPC,180.0,180.0,180.0,164.0
BCO,138.0,138.0,138.0,94.0
BCML,31.0,31.0,31.0,29.0
BCH,23.0,23.0,23.0,30.0
BCE,38.0,51.0,30.0,22.0
BCC,125.0,135.0,118.0,93.0
BCBP,11.0,13.0,10.0,9.0
BCAX,31.0,48.0,8.0,9.0
BCAL,19.0,20.0,19.0,16.0
BC,70.0,100.0,43.0,59.0
BBY,86.0,116.0,67.0,71.0
BBW,51.0,60.0,39.0,53.0
BBSI,45.0,45.0,45.0,43.0
BBNX,23.0,30.0,16.0,13.0
BBIO,58.0,95.0,46.0,43.0
BBDC,9.0,10.0,9.0,9.0
BBCP,6.0,8.0,6.0,6.0
BBAR,22.0,27.0,18.0,16.0
BBAI,6.0,9.0,4.0,7.0
BAX,36.0,42.0,28.0,31.0
BATRK,57.0,69.0,45.0,46.0
BATRA,52.0,60.0,45.0,49.0
BASE,23.0,26.0,16.0,24.0
BARK,2.0,3.0,2.0,0.0
BAP,211.0,257.0,160.0,227.0
BANR,70.0,76.0,65.0,68.0
BANF,113.0,135.0,95.0,131.0
BAND,20.0,36.0,11.0,16.0
BANC,17.0,20.0,15.0,14.0
BAM,59.0,72.0,46.0,57.0
BALY,16.0,18.0,13.0,11.0
BALL,61.0,78.0,50.0,58.0
BAK,9.0,10.0,9.0,3.0
BAH,134.0,190.0,94.0,108.0
BAER,5.0,5.0,5.0,1.0
BAC,48.0,56.0,39.0,48.0
BABA,154.0,180.0,100.0,108.0
BA,215.0,275.0,140.0,215.0
B,24.0,38.0,17.0,21.0
AZZ,104.0,111.0,90.0,99.0
AZO,4.0,4.0,3.0,3.0
AZN,85.0,95.0,75.0,69.0
AZ,20.0,20.0,20.0,9.0
AYI,340.0,380.0,303.0,305.0
AXTA,40.0,48.0,32.0,30.0
AXSM,172.0,216.0,105.0,105.0
AXS,107.0,127.0,90.0,99.0
AXP,295.0,360.0,235.0,328.0
AXON,699.0,895.0,385.0,795.0
AXL,5.0,7.0,3.0,4.0
AXGN,24.0,30.0,20.0,10.0
AX,83.0,92.0,72.0,83.0
AWR,77.0,84.0,71.0,77.0
AWK,143.0,164.0,124.0,139.0
AWI,162.0,200.0,122.0,167.0
AVY,206.0,274.0,172.0,183.0
AVXL,44.0,46.0,42.0,10.0
AVTR,18.0,25.0,14.0,13.0
AVR,16.0,22.0,9.0,3.0
AVPT,17.0,22.0,13.0,18.0
AVO,15.0,16.0,15.0,12.0
AVNW,37.0,50.0,27.0,24.0
AVNT,46.0,58.0,41.0,34.0
AVGO,281.0,400.0,190.0,274.0
AVDX,10.0,15.0,7.0,9.0
AVDL,18.0,30.0,12.0,8.0
AVD,12.0,12.0,12.0,4.0
AVBP,40.0,45.0,36.0,20.0
AVB,235.0,255.0,213.0,203.0
AVAV,256.0,301.0,210.0,245.0
AVA,38.0,39.0,37.0,38.0
AUTL,9.0,13.0,6.0,2.0
AURA,22.0,24.0,19.0,6.0
AUR,10.0,15.0,6.0,5.0
AUPH,11.0,13.0,10.0,7.0
AUNA,10.0,13.0,7.0,6.0
AUDC,11.0,12.0,10.0,9.0
AUB,39.0,51.0,32.0,33.0
AU,43.0,54.0,34.0,46.0
ATYR,20.0,35.0,9.0,5.0
ATXS,30.0,47.0,16.0,5.0
ATUS,2.0,3.0,2.0,2.0
ATS,30.0,31.0,30.0,32.0
ATRO,32.0,32.0,32.0,33.0
ATRC,50.0,60.0,44.0,31.0
ATOS,6.0,7.0,4.0,0.0
ATOM,7.0,7.0,7.0,4.0
ATO,156.0,166.0,144.0,152.0
ATNI,26.0,30.0,22.0,17.0
ATMU,42.0,50.0,39.0,37.0
ATLC,62.0,75.0,54.0,57.0
ATKR,79.0,100.0,65.0,75.0
ATI,78.0,105.0,55.0,86.0
ATHM,32.0,36.0,28.0,26.0
ATGE,135.0,140.0,132.0,122.0
ATEC,17.0,21.0,15.0,10.0
ATAT,36.0,38.0,34.0,33.0
ATAI,9.0,12.0,5.0,2.0
ASUR,15.0,20.0,11.0,11.0
ASTS,45.0,63.0,30.0,45.0
ASTE,41.0,41.0,41.0,42.0
ASR,310.0,310.0,310.0,318.0
ASPN,18.0,33.0,7.0,6.0
ASO,56.0,70.0,43.0,47.0
ASND,220.0,289.0,153.0,174.0
ASML,913.0,1.0,806.0,794.0
ASMB,33.0,35.0,31.0,18.0
ASM,2.0,3.0,1.0,3.0
ASLE,8.0,11.0,7.0,6.0
ASIX,33.0,35.0,32.0,25.0
ASH,68.0,84.0,58.0,53.0
ASGN,71.0,100.0,54.0,52.0
ASC,13.0,17.0,11.0,10.0
ASB,26.0,28.0,25.0,25.0
ASAN,15.0,22.0,10.0,13.0
AS,37.0,50.0,30.0,38.0
ARWR,43.0,80.0,17.0,16.0
ARW,115.0,135.0,98.0,132.0
ARVN,20.0,55.0,8.0,7.0
ARRY,9.0,14.0,5.0,7.0
ARR,21.0,21.0,21.0,16.0
ARQT,18.0,21.0,15.0,13.0
ARQQ,52.0,52.0,52.0,34.0
ARQ,9.0,10.0,8.0,5.0
AROW,30.0,32.0,28.0,28.0
AROC,26.0,33.0,24.0,24.0
ARMK,43.0,48.0,39.0,42.0
ARM,154.0,202.0,100.0,154.0
ARLP,29.0,29.0,29.0,26.0
ARLO,20.0,24.0,17.0,17.0
ARKO,7.0,10.0,5.0,4.0
ARIS,26.0,30.0,22.0,24.0
ARI,10.0,11.0,9.0,9.0
ARHS,10.0,14.0,8.0,9.0
ARGX,728.0,1.0,605.0,543.0
ARES,174.0,202.0,140.0,177.0
ARE,99.0,130.0,74.0,76.0
ARDX,10.0,15.0,8.0,4.0
ARCT,54.0,70.0,35.0,13.0
ARCO,8.0,8.0,8.0,7.0
ARCC,22.0,23.0,21.0,22.0
ARCB,89.0,145.0,60.0,83.0
ARBE,2.0,3.0,1.0,1.0
AR,43.0,58.0,32.0,37.0
AQN,6.0,7.0,5.0,5.0
APTV,81.0,113.0,55.0,72.0
APPS,3.0,7.0,1.0,6.0
APPN,36.0,41.0,29.0,30.0
APPF,274.0,328.0,205.0,235.0
APP,438.0,650.0,200.0,340.0
APOG,45.0,45.0,45.0,43.0
APO,159.0,194.0,125.0,144.0
APLS,39.0,83.0,18.0,17.0
APLE,15.0,18.0,12.0,12.0
APLD,12.0,20.0,7.0,10.0
API,6.0,6.0,6.0,3.0
APH,88.0,106.0,63.0,99.0
APGE,95.0,116.0,89.0,47.0
APEI,32.0,36.0,28.0,30.0
APD,330.0,375.0,280.0,291.0
APAM,37.0,44.0,32.0,46.0
APA,24.0,42.0,14.0,19.0
AOUT,15.0,19.0,11.0,10.0
AOSL,32.0,47.0,18.0,27.0
AOS,75.0,84.0,65.0,67.0
AON,397.0,445.0,296.0,355.0
AOMR,11.0,13.0,10.0,9.0
ANSS,352.0,365.0,340.0,364.0
ANNX,12.0,14.0,11.0,2.0
ANIX,9.0,10.0,7.0,3.0
ANIP,80.0,94.0,65.0,65.0
ANIK,20.0,21.0,19.0,11.0
ANGO,14.0,16.0,12.0,9.0
ANGI,21.0,27.0,14.0,16.0
ANF,110.0,141.0,82.0,91.0
ANET,109.0,130.0,87.0,102.0
ANDE,51.0,55.0,45.0,38.0
ANAB,42.0,90.0,20.0,24.0
AMZN,245.0,305.0,186.0,223.0
AMX,16.0,19.0,13.0,18.0
AMWL,9.0,15.0,7.0,8.0
AMWD,83.0,110.0,68.0,56.0
AMTX,13.0,28.0,3.0,3.0
AMTM,25.0,30.0,19.0,24.0
AMTB,24.0,29.0,20.0,19.0
AMT,240.0,260.0,204.0,221.0
AMSF,59.0,65.0,54.0,43.0
AMRX,11.0,12.0,11.0,8.0
AMRN,12.0,12.0,12.0,16.0
AMRK,33.0,36.0,29.0,22.0
AMRC,20.0,33.0,11.0,16.0
AMPY,8.0,11.0,6.0,3.0
AMPX,9.0,15.0,6.0,4.0
AMPL,13.0,16.0,10.0,12.0
AMPH,32.0,35.0,30.0,23.0
AMP,517.0,570.0,434.0,543.0
AMN,32.0,48.0,25.0,21.0
AMLX,11.0,17.0,4.0,6.0
AMKR,28.0,34.0,19.0,22.0
AMH,40.0,48.0,37.0,35.0
AMGN,307.0,383.0,195.0,298.0
AMG,197.0,218.0,168.0,201.0
AMED,100.0,101.0,100.0,96.0
AME,197.0,225.0,158.0,184.0
AMD,138.0,200.0,95.0,137.0
AMCX,5.0,6.0,4.0,6.0
AMC,4.0,10.0,2.0,2.0
AMBP,3.0,5.0,2.0,4.0
AMBC,15.0,15.0,15.0,7.0
AMBA,84.0,100.0,60.0,67.0
AMAT,200.0,250.0,160.0,190.0
AMAL,38.0,39.0,38.0,33.0
AM,17.0,17.0,17.0,18.0
ALVO,18.0,18.0,18.0,9.0
ALTG,11.0,20.0,7.0,7.0
ALT,19.0,26.0,12.0,4.0
ALSN,99.0,115.0,79.0,97.0
ALRS,23.0,24.0,22.0,22.0
ALRM,64.0,80.0,50.0,57.0
ALNY,340.0,500.0,220.0,331.0
ALNT,31.0,35.0,28.0,38.0
ALMS,22.0,36.0,13.0,3.0
ALLY,41.0,59.0,30.0,41.0
ALLT,13.0,13.0,13.0,8.0
ALLO,8.0,14.0,4.0,1.0
ALLE,145.0,170.0,128.0,148.0
ALL,225.0,267.0,172.0,196.0
ALKT,39.0,46.0,30.0,30.0
ALKS,40.0,52.0,26.0,28.0
ALK,66.0,90.0,54.0,51.0
ALIT,9.0,12.0,8.0,5.0
ALHC,17.0,23.0,9.0,14.0
ALGT,64.0,92.0,50.0,59.0
ALGN,241.0,280.0,170.0,196.0
ALGM,30.0,38.0,23.0,35.0
ALEX,23.0,24.0,22.0,18.0
ALEC,4.0,10.0,1.0,1.0
ALDX,9.0,10.0,9.0,4.0
ALC,106.0,120.0,85.0,87.0
ALB,91.0,170.0,58.0,67.0
ALAB,100.0,125.0,75.0,90.0
AL,57.0,68.0,50.0,59.0
AKRO,82.0,109.0,64.0,52.0
AKR,25.0,27.0,23.0,18.0
AKBA,6.0,8.0,6.0,3.0
AKAM,101.0,140.0,63.0,79.0
AKA,19.0,30.0,10.0,11.0
AJG,319.0,377.0,265.0,316.0
AIT,285.0,315.0,250.0,245.0
AISP,6.0,6.0,6.0,5.0
AIRS,3.0,5.0,2.0,5.0
AIR,80.0,85.0,75.0,71.0
AIP,13.0,16.0,11.0,9.0
AIN,79.0,92.0,65.0,72.0
AII,21.0,23.0,20.0,17.0
AIG,88.0,97.0,80.0,82.0
AI,29.0,55.0,18.0,25.0
AHR,37.0,45.0,31.0,37.0
AHH,8.0,10.0,8.0,7.0
AHCO,13.0,16.0,11.0,8.0
AGYS,116.0,152.0,90.0,115.0
AGRO,10.0,10.0,9.0,9.0
AGO,103.0,110.0,95.0,85.0
AGNC,9.0,11.0,8.0,9.0
AGIO,58.0,71.0,51.0,36.0
AGI,30.0,33.0,28.0,27.0
AGEN,14.0,25.0,6.0,5.0
AG,8.0,11.0,6.0,8.0
AFYA,17.0,20.0,15.0,17.0
AFL,106.0,124.0,93.0,104.0
AFCG,9.0,13.0,7.0,4.0
AEYE,26.0,35.0,20.0,11.0
AESI,19.0,29.0,14.0,14.0
AES,24.0,112.0,9.0,11.0
AER,119.0,130.0,111.0,115.0
AEP,108.0,115.0,96.0,103.0
AEO,14.0,28.0,9.0,10.0
AENT,10.0,10.0,10.0,5.0
AEM,130.0,181.0,88.0,120.0
AEIS,126.0,140.0,92.0,138.0
AEHR,25.0,25.0,25.0,15.0
AEE,101.0,114.0,87.0,94.0
ADUS,142.0,150.0,133.0,111.0
ADUR,48.0,48.0,48.0,9.0
ADTN,12.0,15.0,10.0,9.0
ADT,9.0,9.0,9.0,8.0
ADPT,10.0,15.0,6.0,11.0
ADP,307.0,350.0,267.0,308.0
ADNT,17.0,24.0,13.0,22.0
ADMA,27.0,32.0,25.0,18.0
ADM,52.0,66.0,45.0,54.0
ADI,251.0,300.0,185.0,246.0
ADEA,19.0,26.0,17.0,14.0
ADCT,7.0,10.0,5.0,2.0
ADBE,480.0,645.0,280.0,379.0
ACVA,22.0,27.0,20.0,16.0
ACTU,20.0,21.0,20.0,6.0
ACRE,5.0,7.0,4.0,4.0
ACR,22.0,22.0,22.0,18.0
ACOG,20.0,20.0,20.0,10.0
ACNB,48.0,53.0,45.0,44.0
ACN,370.0,425.0,325.0,304.0
ACMR,29.0,38.0,18.0,27.0
ACM,120.0,130.0,109.0,115.0
ACLX,111.0,136.0,93.0,67.0
ACLS,136.0,175.0,75.0,72.0
ACI,24.0,31.0,19.0,21.0
ACHV,14.0,20.0,11.0,2.0
ACHR,13.0,18.0,9.0,10.0
ACGL,114.0,138.0,93.0,89.0
ACEL,15.0,16.0,15.0,12.0
ACCO,6.0,6.0,6.0,3.0
ACAD,27.0,38.0,20.0,20.0
ACA,104.0,110.0,96.0,90.0
ABVX,31.0,48.0,12.0,7.0
ABUS,5.0,7.0,5.0,3.0
ABT,142.0,160.0,127.0,133.0
ABR,13.0,16.0,10.0,10.0
ABNB,141.0,200.0,90.0,136.0
ABL,13.0,16.0,10.0,5.0
ABG,263.0,335.0,236.0,258.0
ABEV,2.0,2.0,2.0,2.0
ABEO,19.0,20.0,18.0,5.0
ABCL,8.0,10.0,5.0,3.0
ABBV,211.0,250.0,180.0,189.0
AB,37.0,40.0,34.0,41.0
AAT,21.0,22.0,20.0,20.0
AARD,33.0,50.0,20.0,13.0
AAPL,234.0,300.0,170.0,213.0
AAP,46.0,55.0,34.0,51.0
AAON,111.0,125.0,95.0,75.0
AAOI,24.0,50.0,9.0,28.0
AAMI,26.0,30.0,23.0,37.0
AAL,15.0,26.0,7.0,11.0
AA,42.0,90.0,26.0,31.0
A,140.0,165.0,116.0,121.0
